Entity,Code,Year,Fossil fuels per capita
Africa,OWID_AFR,1965,2100.157
Africa,OWID_AFR,1966,2136.2979
Africa,OWID_AFR,1967,2099.5095
Africa,OWID_AFR,1968,2145.5347
Africa,OWID_AFR,1969,2125.6306
Africa,OWID_AFR,1970,2218.0261
Africa,OWID_AFR,1971,2328.2964
Africa,OWID_AFR,1972,2383.05
Africa,OWID_AFR,1973,2522.2646
Africa,OWID_AFR,1974,2558.4998
Africa,OWID_AFR,1975,2637.5007
Africa,OWID_AFR,1976,2772.9294
Africa,OWID_AFR,1977,2831.0144
Africa,OWID_AFR,1978,2867.5076
Africa,OWID_AFR,1979,3040.709
Africa,OWID_AFR,1980,3208.445
Africa,OWID_AFR,1981,3521.7327
Africa,OWID_AFR,1982,3663.352
Africa,OWID_AFR,1983,3690.4944
Africa,OWID_AFR,1984,3683.056
Africa,OWID_AFR,1985,3699.7358
Africa,OWID_AFR,1986,3645.2205
Africa,OWID_AFR,1987,3696.3481
Africa,OWID_AFR,1988,3825.1853
Africa,OWID_AFR,1989,3712.7275
Africa,OWID_AFR,1990,3752.361
Africa,OWID_AFR,1991,3628.7798
Africa,OWID_AFR,1992,3601.359
Africa,OWID_AFR,1993,3532.6138
Africa,OWID_AFR,1994,3556.6187
Africa,OWID_AFR,1995,3601.4678
Africa,OWID_AFR,1996,3596.9482
Africa,OWID_AFR,1997,3578.9497
Africa,OWID_AFR,1998,3530.1245
Africa,OWID_AFR,1999,3545.493
Africa,OWID_AFR,2000,3528.3552
Africa,OWID_AFR,2001,3573.1255
Africa,OWID_AFR,2002,3516.7773
Africa,OWID_AFR,2003,3604.993
Africa,OWID_AFR,2004,3831.7842
Africa,OWID_AFR,2005,3705.097
Africa,OWID_AFR,2006,3691.4812
Africa,OWID_AFR,2007,3730.637
Africa,OWID_AFR,2008,3868.601
Africa,OWID_AFR,2009,3817.967
Africa,OWID_AFR,2010,3831.5059
Africa,OWID_AFR,2011,3790.9246
Africa,OWID_AFR,2012,3875.1006
Africa,OWID_AFR,2013,3889.6016
Africa,OWID_AFR,2014,3904.774
Africa,OWID_AFR,2015,3895.9805
Africa,OWID_AFR,2016,3884.3372
Africa,OWID_AFR,2017,3898.1536
Africa,OWID_AFR,2018,3849.5657
Africa,OWID_AFR,2019,3845.6077
Africa,OWID_AFR,2020,3541.374
Africa,OWID_AFR,2021,3753.4736
Africa,OWID_AFR,2022,3716.3386
Africa,OWID_AFR,2023,3679.7805
Africa,OWID_AFR,2024,3645.3115
Algeria,DZA,1965,1912.4933
Algeria,DZA,1966,2286.151
Algeria,DZA,1967,2099.6272
Algeria,DZA,1968,2177.2595
Algeria,DZA,1969,2409.6035
Algeria,DZA,1970,2542.408
Algeria,DZA,1971,2748.9333
Algeria,DZA,1972,2993.2708
Algeria,DZA,1973,3454.5056
Algeria,DZA,1974,3795.5051
Algeria,DZA,1975,4426.4014
Algeria,DZA,1976,4933.329
Algeria,DZA,1977,5254.892
Algeria,DZA,1978,6432.991
Algeria,DZA,1979,8187.756
Algeria,DZA,1980,9479.301
Algeria,DZA,1981,11139.231
Algeria,DZA,1982,12414.017
Algeria,DZA,1983,13146.717
Algeria,DZA,1984,12169.049
Algeria,DZA,1985,11831.149
Algeria,DZA,1986,12167.299
Algeria,DZA,1987,12101.053
Algeria,DZA,1988,12645.646
Algeria,DZA,1989,11973.587
Algeria,DZA,1990,12396.628
Algeria,DZA,1991,11975.89
Algeria,DZA,1992,12003.59
Algeria,DZA,1993,10886.487
Algeria,DZA,1994,10808.881
Algeria,DZA,1995,10978.996
Algeria,DZA,1996,10661.146
Algeria,DZA,1997,10062.375
Algeria,DZA,1998,10238.633
Algeria,DZA,1999,10199.851
Algeria,DZA,2000,9700.589
Algeria,DZA,2001,9913.76
Algeria,DZA,2002,10134.669
Algeria,DZA,2003,10447.399
Algeria,DZA,2004,10697.911
Algeria,DZA,2005,11014.486
Algeria,DZA,2006,11260.006
Algeria,DZA,2007,11670.299
Algeria,DZA,2008,12142.406
Algeria,DZA,2009,12620.418
Algeria,DZA,2010,12116.906
Algeria,DZA,2011,12556.995
Algeria,DZA,2012,13455.075
Algeria,DZA,2013,13969.558
Algeria,DZA,2014,14919.644
Algeria,DZA,2015,15415.481
Algeria,DZA,2016,15081.649
Algeria,DZA,2017,14925.982
Algeria,DZA,2018,15708.456
Algeria,DZA,2019,15990.481
Algeria,DZA,2020,14689.341
Algeria,DZA,2021,15769.007
Algeria,DZA,2022,16106.297
Algeria,DZA,2023,16953.357
Algeria,DZA,2024,16195.551
Argentina,ARG,1965,14693.183
Argentina,ARG,1966,14941.964
Argentina,ARG,1967,15144.254
Argentina,ARG,1968,15395.546
Argentina,ARG,1969,15693.698
Argentina,ARG,1970,14603.308
Argentina,ARG,1971,15252.431
Argentina,ARG,1972,15206.821
Argentina,ARG,1973,15467.654
Argentina,ARG,1974,15489.135
Argentina,ARG,1975,14681.242
Argentina,ARG,1976,15234.303
Argentina,ARG,1977,15712.666
Argentina,ARG,1978,15227.6455
Argentina,ARG,1979,15826.289
Argentina,ARG,1980,15049.28
Argentina,ARG,1981,14305.045
Argentina,ARG,1982,14266.978
Argentina,ARG,1983,14502.522
Argentina,ARG,1984,14066.837
Argentina,ARG,1985,13458.305
Argentina,ARG,1986,13985.498
Argentina,ARG,1987,14354.658
Argentina,ARG,1988,15085.249
Argentina,ARG,1989,14517.129
Argentina,ARG,1990,13437.675
Argentina,ARG,1991,13635.374
Argentina,ARG,1992,14339.85
Argentina,ARG,1993,14237.543
Argentina,ARG,1994,14641.89
Argentina,ARG,1995,15165.3955
Argentina,ARG,1996,16071.235
Argentina,ARG,1997,15667.315
Argentina,ARG,1998,16332.633
Argentina,ARG,1999,16882.203
Argentina,ARG,2000,16130.374
Argentina,ARG,2001,14848.5
Argentina,ARG,2002,14081.449
Argentina,ARG,2003,15163.298
Argentina,ARG,2004,16452.973
Argentina,ARG,2005,17247.092
Argentina,ARG,2006,17749.436
Argentina,ARG,2007,18930.105
Argentina,ARG,2008,18985.994
Argentina,ARG,2009,17859.518
Argentina,ARG,2010,18408.924
Argentina,ARG,2011,18959.998
Argentina,ARG,2012,19715.709
Argentina,ARG,2013,20803.092
Argentina,ARG,2014,20233.027
Argentina,ARG,2015,20314.229
Argentina,ARG,2016,20124.943
Argentina,ARG,2017,19702.318
Argentina,ARG,2018,19193.096
Argentina,ARG,2019,17651.41
Argentina,ARG,2020,16190.1875
Argentina,ARG,2021,17964.414
Argentina,ARG,2022,18872.084
Argentina,ARG,2023,18303.992
Argentina,ARG,2024,17620.96
Asia,OWID_ASI,1965,2612.4546
Asia,OWID_ASI,1966,2805.7239
Asia,OWID_ASI,1967,2873.7756
Asia,OWID_ASI,1968,3007.7524
Asia,OWID_ASI,1969,3389.497
Asia,OWID_ASI,1970,3794.008
Asia,OWID_ASI,1971,4034.3218
Asia,OWID_ASI,1972,4235.6416
Asia,OWID_ASI,1973,4502.7783
Asia,OWID_ASI,1974,4443.9497
Asia,OWID_ASI,1975,4553.2896
Asia,OWID_ASI,1976,4727.721
Asia,OWID_ASI,1977,4948.0337
Asia,OWID_ASI,1978,5130.6562
Asia,OWID_ASI,1979,5259.8584
Asia,OWID_ASI,1980,5121.256
Asia,OWID_ASI,1981,5070.4404
Asia,OWID_ASI,1982,5077.267
Asia,OWID_ASI,1983,5251.1934
Asia,OWID_ASI,1984,5490.4067
Asia,OWID_ASI,1985,6314.442
Asia,OWID_ASI,1986,6451.42
Asia,OWID_ASI,1987,6697.5527
Asia,OWID_ASI,1988,7014.3833
Asia,OWID_ASI,1989,7205.752
Asia,OWID_ASI,1990,7323.1665
Asia,OWID_ASI,1991,7491.9995
Asia,OWID_ASI,1992,7713.1675
Asia,OWID_ASI,1993,7865.9443
Asia,OWID_ASI,1994,8161.1865
Asia,OWID_ASI,1995,8327.791
Asia,OWID_ASI,1996,8585.34
Asia,OWID_ASI,1997,8705.045
Asia,OWID_ASI,1998,8556.837
Asia,OWID_ASI,1999,8735.748
Asia,OWID_ASI,2000,8983.537
Asia,OWID_ASI,2001,9155.447
Asia,OWID_ASI,2002,9505.35
Asia,OWID_ASI,2003,10208.48
Asia,OWID_ASI,2004,11016.934
Asia,OWID_ASI,2005,11754.287
Asia,OWID_ASI,2006,12270.477
Asia,OWID_ASI,2007,12907.397
Asia,OWID_ASI,2008,13121.235
Asia,OWID_ASI,2009,13265.683
Asia,OWID_ASI,2010,13906.577
Asia,OWID_ASI,2011,14541.326
Asia,OWID_ASI,2012,14884.837
Asia,OWID_ASI,2013,15013.697
Asia,OWID_ASI,2014,15159.012
Asia,OWID_ASI,2015,15198.32
Asia,OWID_ASI,2016,15224.031
Asia,OWID_ASI,2017,15528.228
Asia,OWID_ASI,2018,15835.411
Asia,OWID_ASI,2019,16005.1
Asia,OWID_ASI,2020,15663.821
Asia,OWID_ASI,2021,16269.225
Asia,OWID_ASI,2022,16459.443
Asia,OWID_ASI,2023,16938.713
Asia,OWID_ASI,2024,17191.236
Australia,AUS,1965,35401.926
Australia,AUS,1966,36530.195
Australia,AUS,1967,38074.277
Australia,AUS,1968,39674.453
Australia,AUS,1969,40403.906
Australia,AUS,1970,42795.152
Australia,AUS,1971,43386.85
Australia,AUS,1972,44422.605
Australia,AUS,1973,46746.24
Australia,AUS,1974,48799.637
Australia,AUS,1975,48820.836
Australia,AUS,1976,50238.664
Australia,AUS,1977,52420.12
Australia,AUS,1978,53353.37
Australia,AUS,1979,54897.805
Australia,AUS,1980,54560.055
Australia,AUS,1981,54551.49
Australia,AUS,1982,53349.44
Australia,AUS,1983,52179.82
Australia,AUS,1984,53207.402
Australia,AUS,1985,53904.36
Australia,AUS,1986,54106.33
Australia,AUS,1987,54880.957
Australia,AUS,1988,56441.37
Australia,AUS,1989,58388.65
Australia,AUS,1990,58682.316
Australia,AUS,1991,57357.73
Australia,AUS,1992,57615.27
Australia,AUS,1993,58331.223
Australia,AUS,1994,60092.69
Australia,AUS,1995,61085.332
Australia,AUS,1996,62156.863
Australia,AUS,1997,63054.68
Australia,AUS,1998,63951.734
Australia,AUS,1999,65856.1
Australia,AUS,2000,65500.91
Australia,AUS,2001,65295.184
Australia,AUS,2002,65780.64
Australia,AUS,2003,65906.18
Australia,AUS,2004,67230.73
Australia,AUS,2005,66496.57
Australia,AUS,2006,68408.57
Australia,AUS,2007,69019.44
Australia,AUS,2008,69036.77
Australia,AUS,2009,66582.445
Australia,AUS,2010,65206.027
Australia,AUS,2011,65389.527
Australia,AUS,2012,63394.664
Australia,AUS,2013,62586.797
Australia,AUS,2014,62426.65
Australia,AUS,2015,62683.293
Australia,AUS,2016,61314.945
Australia,AUS,2017,60422.81
Australia,AUS,2018,59371.715
Australia,AUS,2019,60087.383
Australia,AUS,2020,54904.527
Australia,AUS,2021,53318.344
Australia,AUS,2022,54563.79
Australia,AUS,2023,53204.047
Australia,AUS,2024,52910.04
Austria,AUT,1965,19523.104
Austria,AUT,1966,20088.371
Austria,AUT,1967,20068.441
Austria,AUT,1968,21642.184
Austria,AUT,1969,23183.395
Austria,AUT,1970,25607.771
Austria,AUT,1971,27114.291
Austria,AUT,1972,27933.074
Austria,AUT,1973,29624.992
Austria,AUT,1974,28402.668
Austria,AUT,1975,27804.973
Austria,AUT,1976,30416.121
Austria,AUT,1977,28795.771
Austria,AUT,1978,30476.65
Austria,AUT,1979,31680.486
Austria,AUT,1980,31105.39
Austria,AUT,1981,29111.797
Austria,AUT,1982,27724.738
Austria,AUT,1983,27772.525
Austria,AUT,1984,28843.139
Austria,AUT,1985,29320.92
Austria,AUT,1986,29188.86
Austria,AUT,1987,29901.793
Austria,AUT,1988,29187.338
Austria,AUT,1989,29356.61
Austria,AUT,1990,30861.555
Austria,AUT,1991,32551.846
Austria,AUT,1992,30283.236
Austria,AUT,1993,30294.996
Austria,AUT,1994,30227.936
Austria,AUT,1995,31711.867
Austria,AUT,1996,33843.87
Austria,AUT,1997,33661.742
Austria,AUT,1998,34258.996
Austria,AUT,1999,33425.82
Austria,AUT,2000,33243.473
Austria,AUT,2001,35052.438
Austria,AUT,2002,35134.082
Austria,AUT,2003,37525.832
Austria,AUT,2004,37588.883
Austria,AUT,2005,38004.746
Austria,AUT,2006,37010.875
Austria,AUT,2007,35313.824
Austria,AUT,2008,35312.41
Austria,AUT,2009,32515.553
Austria,AUT,2010,34614.047
Austria,AUT,2011,32871.33
Austria,AUT,2012,31572.27
Austria,AUT,2013,31337.346
Austria,AUT,2014,29426.52
Austria,AUT,2015,30139.318
Austria,AUT,2016,30330.396
Austria,AUT,2017,31105.662
Austria,AUT,2018,30318.656
Austria,AUT,2019,31094.922
Austria,AUT,2020,27723.637
Austria,AUT,2021,29054.254
Austria,AUT,2022,26809.592
Austria,AUT,2023,25284.916
Austria,AUT,2024,25004.379
Azerbaijan,AZE,1985,33981.66
Azerbaijan,AZE,1986,36343.54
Azerbaijan,AZE,1987,34774.473
Azerbaijan,AZE,1988,34334.938
Azerbaijan,AZE,1989,34598.426
Azerbaijan,AZE,1990,35354.11
Azerbaijan,AZE,1991,33516.324
Azerbaijan,AZE,1992,28251.86
Azerbaijan,AZE,1993,23827.79
Azerbaijan,AZE,1994,21744.738
Azerbaijan,AZE,1995,20215.209
Azerbaijan,AZE,1996,16242.641
Azerbaijan,AZE,1997,15258.18
Azerbaijan,AZE,1998,15060.924
Azerbaijan,AZE,1999,15048.529
Azerbaijan,AZE,2000,15599.093
Azerbaijan,AZE,2001,14955.013
Azerbaijan,AZE,2002,14377.92
Azerbaijan,AZE,2003,15340.929
Azerbaijan,AZE,2004,17192.125
Azerbaijan,AZE,2005,18403.59
Azerbaijan,AZE,2006,18014.004
Azerbaijan,AZE,2007,16354.951
Azerbaijan,AZE,2008,16202.319
Azerbaijan,AZE,2009,13675.783
Azerbaijan,AZE,2010,12996.001
Azerbaijan,AZE,2011,14947.634
Azerbaijan,AZE,2012,15475.15
Azerbaijan,AZE,2013,15775.308
Azerbaijan,AZE,2014,15930.464
Azerbaijan,AZE,2015,17133.588
Azerbaijan,AZE,2016,16670.645
Azerbaijan,AZE,2017,16238.803
Azerbaijan,AZE,2018,17023.027
Azerbaijan,AZE,2019,17908.027
Azerbaijan,AZE,2020,17818.541
Azerbaijan,AZE,2021,18908.361
Azerbaijan,AZE,2022,19953.018
Azerbaijan,AZE,2023,20560.053
Azerbaijan,AZE,2024,19221.572
Bangladesh,BGD,1965,0
Bangladesh,BGD,1966,0
Bangladesh,BGD,1967,0
Bangladesh,BGD,1968,0
Bangladesh,BGD,1969,0
Bangladesh,BGD,1970,0
Bangladesh,BGD,1971,183.40923
Bangladesh,BGD,1972,204.81319
Bangladesh,BGD,1973,250.96193
Bangladesh,BGD,1974,264.08456
Bangladesh,BGD,1975,257.42764
Bangladesh,BGD,1976,293.43393
Bangladesh,BGD,1977,294.94092
Bangladesh,BGD,1978,304.30078
Bangladesh,BGD,1979,326.51566
Bangladesh,BGD,1980,375.23056
Bangladesh,BGD,1981,387.4903
Bangladesh,BGD,1982,421.21475
Bangladesh,BGD,1983,401.03427
Bangladesh,BGD,1984,417.0129
Bangladesh,BGD,1985,459.722
Bangladesh,BGD,1986,498.9102
Bangladesh,BGD,1987,537.8827
Bangladesh,BGD,1988,583.68524
Bangladesh,BGD,1989,611.2719
Bangladesh,BGD,1990,638.1801
Bangladesh,BGD,1991,604.43274
Bangladesh,BGD,1992,649.8953
Bangladesh,BGD,1993,708.0016
Bangladesh,BGD,1994,732.78357
Bangladesh,BGD,1995,864.668
Bangladesh,BGD,1996,881.1095
Bangladesh,BGD,1997,910.1139
Bangladesh,BGD,1998,948.92126
Bangladesh,BGD,1999,942.5783
Bangladesh,BGD,2000,995.2562
Bangladesh,BGD,2001,1115.9451
Bangladesh,BGD,2002,1107.2675
Bangladesh,BGD,2003,1154.4348
Bangladesh,BGD,2004,1212.0367
Bangladesh,BGD,2005,1298.9454
Bangladesh,BGD,2006,1390.5804
Bangladesh,BGD,2007,1415.1586
Bangladesh,BGD,2008,1472.1866
Bangladesh,BGD,2009,1617.3005
Bangladesh,BGD,2010,1634.9733
Bangladesh,BGD,2011,1749.8204
Bangladesh,BGD,2012,1885.4491
Bangladesh,BGD,2013,1941.632
Bangladesh,BGD,2014,2001.9543
Bangladesh,BGD,2015,2395.8494
Bangladesh,BGD,2016,2385.742
Bangladesh,BGD,2017,2461.97
Bangladesh,BGD,2018,2611.5747
Bangladesh,BGD,2019,2906.267
Bangladesh,BGD,2020,2731.7002
Bangladesh,BGD,2021,2916.4434
Bangladesh,BGD,2022,3001.5227
Bangladesh,BGD,2023,2930.0098
Bangladesh,BGD,2024,3012.9136
Belarus,BLR,1985,41027.457
Belarus,BLR,1986,46557.953
Belarus,BLR,1987,46985.348
Belarus,BLR,1988,47424.13
Belarus,BLR,1989,45635.555
Belarus,BLR,1990,45739.402
Belarus,BLR,1991,45601.14
Belarus,BLR,1992,39628.14
Belarus,BLR,1993,32985.516
Belarus,BLR,1994,27579.941
Belarus,BLR,1995,24579.336
Belarus,BLR,1996,25294.2
Belarus,BLR,1997,25689.547
Belarus,BLR,1998,25223.547
Belarus,BLR,1999,24639.408
Belarus,BLR,2000,25514.094
Belarus,BLR,2001,24936.773
Belarus,BLR,2002,25967.768
Belarus,BLR,2003,25957.98
Belarus,BLR,2004,29268.912
Belarus,BLR,2005,29375.77
Belarus,BLR,2006,31432.328
Belarus,BLR,2007,30803.73
Belarus,BLR,2008,31304.76
Belarus,BLR,2009,29656.996
Belarus,BLR,2010,32180.254
Belarus,BLR,2011,31663.023
Belarus,BLR,2012,34278.5
Belarus,BLR,2013,30987.252
Belarus,BLR,2014,31032.87
Belarus,BLR,2015,28038.277
Belarus,BLR,2016,28597.213
Belarus,BLR,2017,29036.07
Belarus,BLR,2018,32199.838
Belarus,BLR,2019,32477.656
Belarus,BLR,2020,30248.738
Belarus,BLR,2021,31844.906
Belarus,BLR,2022,31413.713
Belarus,BLR,2023,29733.04
Belarus,BLR,2024,29978.89
Belgium,BEL,1965,43845.047
Belgium,BEL,1966,41983.906
Belgium,BEL,1967,43834.203
Belgium,BEL,1968,48642.605
Belgium,BEL,1969,53188.258
Belgium,BEL,1970,55937.016
Belgium,BEL,1971,54718.547
Belgium,BEL,1972,57986.38
Belgium,BEL,1973,58575.066
Belgium,BEL,1974,56421.426
Belgium,BEL,1975,51081.18
Belgium,BEL,1976,53345.918
Belgium,BEL,1977,52718.8
Belgium,BEL,1978,54915.176
Belgium,BEL,1979,56797.17
Belgium,BEL,1980,53769.316
Belgium,BEL,1981,50732.977
Belgium,BEL,1982,47585.277
Belgium,BEL,1983,43519.957
Belgium,BEL,1984,44725.027
Belgium,BEL,1985,45056.11
Belgium,BEL,1986,45367.61
Belgium,BEL,1987,46252.258
Belgium,BEL,1988,47016.434
Belgium,BEL,1989,47912.316
Belgium,BEL,1990,50037.39
Belgium,BEL,1991,51965.973
Belgium,BEL,1992,51395.145
Belgium,BEL,1993,50635.7
Belgium,BEL,1994,54053.453
Belgium,BEL,1995,54523.668
Belgium,BEL,1996,58007.66
Belgium,BEL,1997,57451.223
Belgium,BEL,1998,59007.438
Belgium,BEL,1999,57538.16
Belgium,BEL,2000,58866.375
Belgium,BEL,2001,58606.633
Belgium,BEL,2002,57805.715
Belgium,BEL,2003,60342.586
Belgium,BEL,2004,60372.125
Belgium,BEL,2005,59050.85
Belgium,BEL,2006,58938.406
Belgium,BEL,2007,58520.246
Belgium,BEL,2008,59681.53
Belgium,BEL,2009,52807.836
Belgium,BEL,2010,56015.816
Belgium,BEL,2011,50441.65
Belgium,BEL,2012,48943.734
Belgium,BEL,2013,49468.215
Belgium,BEL,2014,46673.395
Belgium,BEL,2015,48362.324
Belgium,BEL,2016,48682.277
Belgium,BEL,2017,49018.145
Belgium,BEL,2018,51430.773
Belgium,BEL,2019,49488.05
Belgium,BEL,2020,43761.164
Belgium,BEL,2021,46789.812
Belgium,BEL,2022,43763.734
Belgium,BEL,2023,41503.88
Belgium,BEL,2024,41731.004
Brazil,BRA,1965,2367.308
Brazil,BRA,1966,2510.6108
Brazil,BRA,1967,2524.334
Brazil,BRA,1968,2900.0044
Brazil,BRA,1969,3107.5256
Brazil,BRA,1970,3598.1687
Brazil,BRA,1971,3813.5261
Brazil,BRA,1972,4255.557
Brazil,BRA,1973,4977.2397
Brazil,BRA,1974,5350.4336
Brazil,BRA,1975,5415.5234
Brazil,BRA,1976,5689.087
Brazil,BRA,1977,5792.5693
Brazil,BRA,1978,6207.177
Brazil,BRA,1979,6380.9375
Brazil,BRA,1980,6201.2373
Brazil,BRA,1981,5725.5386
Brazil,BRA,1982,5763.062
Brazil,BRA,1983,5403.6045
Brazil,BRA,1984,5475.1514
Brazil,BRA,1985,5665.58
Brazil,BRA,1986,5949.8105
Brazil,BRA,1987,6011.337
Brazil,BRA,1988,6048.53
Brazil,BRA,1989,6007.7393
Brazil,BRA,1990,5761.3804
Brazil,BRA,1991,5853.6167
Brazil,BRA,1992,5816.5786
Brazil,BRA,1993,5996.7656
Brazil,BRA,1994,6205.6885
Brazil,BRA,1995,6493.507
Brazil,BRA,1996,6860.5156
Brazil,BRA,1997,7231.685
Brazil,BRA,1998,7439.044
Brazil,BRA,1999,7453.72
Brazil,BRA,2000,7739.4873
Brazil,BRA,2001,7813.566
Brazil,BRA,2002,7666.417
Brazil,BRA,2003,7484.251
Brazil,BRA,2004,7804.9062
Brazil,BRA,2005,7833.2
Brazil,BRA,2006,7937.665
Brazil,BRA,2007,8230.311
Brazil,BRA,2008,8644.52
Brazil,BRA,2009,8130.0864
Brazil,BRA,2010,9054.349
Brazil,BRA,2011,9354.94
Brazil,BRA,2012,9912.479
Brazil,BRA,2013,10446.949
Brazil,BRA,2014,10751.101
Brazil,BRA,2015,10360.155
Brazil,BRA,2016,9524.784
Brazil,BRA,2017,9577.012
Brazil,BRA,2018,9060.901
Brazil,BRA,2019,9026.077
Brazil,BRA,2020,8311.015
Brazil,BRA,2021,9254.754
Brazil,BRA,2022,8905.062
Brazil,BRA,2023,8919.311
Brazil,BRA,2024,8911.279
Bulgaria,BGR,1965,13899.765
Bulgaria,BGR,1966,14847.444
Bulgaria,BGR,1967,17249.357
Bulgaria,BGR,1968,19482.219
Bulgaria,BGR,1969,21413.629
Bulgaria,BGR,1970,23907.582
Bulgaria,BGR,1971,24778.406
Bulgaria,BGR,1972,25422.566
Bulgaria,BGR,1973,26142.537
Bulgaria,BGR,1974,26632.9
Bulgaria,BGR,1975,28752.506
Bulgaria,BGR,1976,29466.81
Bulgaria,BGR,1977,30551.375
Bulgaria,BGR,1978,31910.457
Bulgaria,BGR,1979,32966.29
Bulgaria,BGR,1980,34710.54
Bulgaria,BGR,1981,33130.87
Bulgaria,BGR,1982,33616.496
Bulgaria,BGR,1983,33197.074
Bulgaria,BGR,1984,32803.09
Bulgaria,BGR,1985,32705.57
Bulgaria,BGR,1986,33748.934
Bulgaria,BGR,1987,33812.223
Bulgaria,BGR,1988,33520.605
Bulgaria,BGR,1989,33794.37
Bulgaria,BGR,1990,31508.115
Bulgaria,BGR,1991,25124.96
Bulgaria,BGR,1992,24381.662
Bulgaria,BGR,1993,25827.4
Bulgaria,BGR,1994,24497.594
Bulgaria,BGR,1995,25994.7
Bulgaria,BGR,1996,25575.723
Bulgaria,BGR,1997,24183.848
Bulgaria,BGR,1998,23375.844
Bulgaria,BGR,1999,20366.445
Bulgaria,BGR,2000,19750.846
Bulgaria,BGR,2001,20760.082
Bulgaria,BGR,2002,19718.049
Bulgaria,BGR,2003,21600.283
Bulgaria,BGR,2004,20952.508
Bulgaria,BGR,2005,22418.822
Bulgaria,BGR,2006,22961.408
Bulgaria,BGR,2007,24354.293
Bulgaria,BGR,2008,23814.016
Bulgaria,BGR,2009,20149.826
Bulgaria,BGR,2010,20794.572
Bulgaria,BGR,2011,23099.082
Bulgaria,BGR,2012,21390.312
Bulgaria,BGR,2013,19393.281
Bulgaria,BGR,2014,20616.867
Bulgaria,BGR,2015,22227.934
Bulgaria,BGR,2016,21281.912
Bulgaria,BGR,2017,22620.451
Bulgaria,BGR,2018,21399.83
Bulgaria,BGR,2019,21057.16
Bulgaria,BGR,2020,18883.576
Bulgaria,BGR,2021,21818.447
Bulgaria,BGR,2022,23381.387
Bulgaria,BGR,2023,18772.771
Bulgaria,BGR,2024,17752.389
Canada,CAN,1965,52804.71
Canada,CAN,1966,54400.895
Canada,CAN,1967,56340.742
Canada,CAN,1968,59816.395
Canada,CAN,1969,61718.57
Canada,CAN,1970,65205.69
Canada,CAN,1971,65521.664
Canada,CAN,1972,68225.2
Canada,CAN,1973,72568.125
Canada,CAN,1974,72675.82
Canada,CAN,1975,71474.77
Canada,CAN,1976,73175.766
Canada,CAN,1977,76122.45
Canada,CAN,1978,74917.32
Canada,CAN,1979,75667.5
Canada,CAN,1980,75690.96
Canada,CAN,1981,72023.3
Canada,CAN,1982,69081.52
Canada,CAN,1983,65687.89
Canada,CAN,1984,68736.55
Canada,CAN,1985,68742.34
Canada,CAN,1986,67078.695
Canada,CAN,1987,68422.02
Canada,CAN,1988,72218.375
Canada,CAN,1989,74266.13
Canada,CAN,1990,68947.625
Canada,CAN,1991,66064.19
Canada,CAN,1992,67658.07
Canada,CAN,1993,67531.32
Canada,CAN,1994,68937.78
Canada,CAN,1995,71129.02
Canada,CAN,1996,71887.15
Canada,CAN,1997,73234.99
Canada,CAN,1998,73564.54
Canada,CAN,1999,74941.07
Canada,CAN,2000,76284.875
Canada,CAN,2001,75288.01
Canada,CAN,2002,77023.75
Canada,CAN,2003,78381.555
Canada,CAN,2004,78081.66
Canada,CAN,2005,76244.375
Canada,CAN,2006,72109.33
Canada,CAN,2007,78032.44
Canada,CAN,2008,74994.11
Canada,CAN,2009,70796.33
Canada,CAN,2010,72441.37
Canada,CAN,2011,73462.38
Canada,CAN,2012,72188.055
Canada,CAN,2013,73009.51
Canada,CAN,2014,73021.85
Canada,CAN,2015,72238.38
Canada,CAN,2016,69740.47
Canada,CAN,2017,69758.93
Canada,CAN,2018,71100.125
Canada,CAN,2019,70011.72
Canada,CAN,2020,63220.066
Canada,CAN,2021,64003.223
Canada,CAN,2022,65226.92
Canada,CAN,2023,64589.996
Canada,CAN,2024,64809.715
Chile,CHL,1965,6739.296
Chile,CHL,1966,7117.4453
Chile,CHL,1967,7124.474
Chile,CHL,1968,7180.1685
Chile,CHL,1969,7551.1733
Chile,CHL,1970,7821.779
Chile,CHL,1971,8259.837
Chile,CHL,1972,8041.4897
Chile,CHL,1973,7643.322
Chile,CHL,1974,7325.6685
Chile,CHL,1975,6351.086
Chile,CHL,1976,6497.1353
Chile,CHL,1977,6679.866
Chile,CHL,1978,6835.545
Chile,CHL,1979,7165.287
Chile,CHL,1980,7243.9014
Chile,CHL,1981,7118.259
Chile,CHL,1982,6230.7095
Chile,CHL,1983,6273.9956
Chile,CHL,1984,6421.093
Chile,CHL,1985,6175.2173
Chile,CHL,1986,6218.973
Chile,CHL,1987,6336.9165
Chile,CHL,1988,7349.4824
Chile,CHL,1989,8749.302
Chile,CHL,1990,9389.381
Chile,CHL,1991,9721.855
Chile,CHL,1992,10020.435
Chile,CHL,1993,10546.545
Chile,CHL,1994,11144.956
Chile,CHL,1995,11825.13
Chile,CHL,1996,12922.604
Chile,CHL,1997,14698.205
Chile,CHL,1998,15246.328
Chile,CHL,1999,16210.878
Chile,CHL,2000,15904.632
Chile,CHL,2001,15574.0205
Chile,CHL,2002,15602.081
Chile,CHL,2003,15694.914
Chile,CHL,2004,17135.314
Chile,CHL,2005,17026.322
Chile,CHL,2006,17251.666
Chile,CHL,2007,17845.123
Chile,CHL,2008,17195.508
Chile,CHL,2009,16050.004
Chile,CHL,2010,16980.873
Chile,CHL,2011,18120.758
Chile,CHL,2012,18679.219
Chile,CHL,2013,18996.229
Chile,CHL,2014,18250.006
Chile,CHL,2015,17924.354
Chile,CHL,2016,18959.697
Chile,CHL,2017,18850.127
Chile,CHL,2018,18754.28
Chile,CHL,2019,18896.338
Chile,CHL,2020,16935.744
Chile,CHL,2021,18539.748
Chile,CHL,2022,18776.514
Chile,CHL,2023,17331.705
Chile,CHL,2024,17475.04
China,CHN,1965,2033.2065
China,CHN,1966,2158.961
China,CHN,1967,1897.1122
China,CHN,1968,1855.3749
China,CHN,1969,2214.5857
China,CHN,1970,2782.2131
China,CHN,1971,3215.5503
China,CHN,1972,3382.5125
China,CHN,1973,3487.5105
China,CHN,1974,3513.8318
China,CHN,1975,3876.673
China,CHN,1976,4024.3518
China,CHN,1977,4333.3687
China,CHN,1978,4710.7246
China,CHN,1979,4774.8926
China,CHN,1980,4735.0967
China,CHN,1981,4580.567
China,CHN,1982,4693.059
China,CHN,1983,4899.7534
China,CHN,1984,5200.3984
China,CHN,1985,5545.517
China,CHN,1986,5722.553
China,CHN,1987,6070.3906
China,CHN,1988,6406.0444
China,CHN,1989,6601.73
China,CHN,1990,6556.3335
China,CHN,1991,6806.259
China,CHN,1992,7079.8022
China,CHN,1993,7519.4497
China,CHN,1994,7865.3867
China,CHN,1995,7983.7764
China,CHN,1996,8372.252
China,CHN,1997,8340.272
China,CHN,1998,8285.162
China,CHN,1999,8532.858
China,CHN,2000,8731.431
China,CHN,2001,9067.986
China,CHN,2002,9835.665
China,CHN,2003,11478.849
China,CHN,2004,13311.487
China,CHN,2005,15048.043
China,CHN,2006,16397.648
China,CHN,2007,17685.941
China,CHN,2008,17950.94
China,CHN,2009,18686.879
China,CHN,2010,19713.326
China,CHN,2011,21235.768
China,CHN,2012,21602.762
China,CHN,2013,22137.932
China,CHN,2014,22213.197
China,CHN,2015,22122.396
China,CHN,2016,21789.617
China,CHN,2017,22311.064
China,CHN,2018,23058.451
China,CHN,2019,23812.455
China,CHN,2020,24351.9
China,CHN,2021,25442.584
China,CHN,2022,25521.45
China,CHN,2023,26937.455
China,CHN,2024,27412.59
Colombia,COL,1965,4799.0366
Colombia,COL,1966,5255.121
Colombia,COL,1967,5348.517
Colombia,COL,1968,5353.554
Colombia,COL,1969,5209.0894
Colombia,COL,1970,5551.4224
Colombia,COL,1971,5301.2964
Colombia,COL,1972,6010.8564
Colombia,COL,1973,5567.633
Colombia,COL,1974,6072.763
Colombia,COL,1975,5408.23
Colombia,COL,1976,5506.283
Colombia,COL,1977,5580.7837
Colombia,COL,1978,5604.4966
Colombia,COL,1979,5621.3145
Colombia,COL,1980,5642.325
Colombia,COL,1981,5637.1567
Colombia,COL,1982,5605.3413
Colombia,COL,1983,5839.474
Colombia,COL,1984,5616.831
Colombia,COL,1985,5605.751
Colombia,COL,1986,5556.822
Colombia,COL,1987,5956.5825
Colombia,COL,1988,5708.672
Colombia,COL,1989,5803.5786
Colombia,COL,1990,5249.729
Colombia,COL,1991,5327.2847
Colombia,COL,1992,5969.6
Colombia,COL,1993,6055.8813
Colombia,COL,1994,6267.9263
Colombia,COL,1995,6356.9854
Colombia,COL,1996,6326.1953
Colombia,COL,1997,6668.8247
Colombia,COL,1998,6715.724
Colombia,COL,1999,5766.8457
Colombia,COL,2000,5665.7505
Colombia,COL,2001,5599.2847
Colombia,COL,2002,5361.681
Colombia,COL,2003,5284.8643
Colombia,COL,2004,5474.142
Colombia,COL,2005,5223.462
Colombia,COL,2006,6125.4546
Colombia,COL,2007,6100.046
Colombia,COL,2008,6291.0635
Colombia,COL,2009,6384.858
Colombia,COL,2010,6769.9062
Colombia,COL,2011,6604.631
Colombia,COL,2012,7203.793
Colombia,COL,2013,7628.565
Colombia,COL,2014,8069.793
Colombia,COL,2015,7879.2466
Colombia,COL,2016,8625.918
Colombia,COL,2017,8076.0806
Colombia,COL,2018,8266.847
Colombia,COL,2019,8289.452
Colombia,COL,2020,7339.4927
Colombia,COL,2021,7644.2534
Colombia,COL,2022,8545.428
Colombia,COL,2023,8401.695
Colombia,COL,2024,8484.243
Croatia,HRV,1990,18448.926
Croatia,HRV,1991,13972.466
Croatia,HRV,1992,14144.867
Croatia,HRV,1993,14903.936
Croatia,HRV,1994,14709.218
Croatia,HRV,1995,15373.756
Croatia,HRV,1996,15554.114
Croatia,HRV,1997,16881.986
Croatia,HRV,1998,18196.9
Croatia,HRV,1999,18336.19
Croatia,HRV,2000,17906.516
Croatia,HRV,2001,18697.973
Croatia,HRV,2002,19634.72
Croatia,HRV,2003,21011.834
Croatia,HRV,2004,20543.922
Croatia,HRV,2005,20646.072
Croatia,HRV,2006,20629.441
Croatia,HRV,2007,22014.525
Croatia,HRV,2008,21184.135
Croatia,HRV,2009,19833.445
Croatia,HRV,2010,19167.398
Croatia,HRV,2011,18640.998
Croatia,HRV,2012,17091.193
Croatia,HRV,2013,16586.71
Croatia,HRV,2014,16274.347
Croatia,HRV,2015,16823.236
Croatia,HRV,2016,17432.303
Croatia,HRV,2017,18523.51
Croatia,HRV,2018,17789.91
Croatia,HRV,2019,18213.434
Croatia,HRV,2020,17100.77
Croatia,HRV,2021,17601.033
Croatia,HRV,2022,17642.916
Croatia,HRV,2023,18669.041
Croatia,HRV,2024,18924.059
Cyprus,CYP,1965,7576.371
Cyprus,CYP,1966,8563.817
Cyprus,CYP,1967,9196.994
Cyprus,CYP,1968,10119.043
Cyprus,CYP,1969,11836.933
Cyprus,CYP,1970,12363.76
Cyprus,CYP,1971,14598.88
Cyprus,CYP,1972,16241.959
Cyprus,CYP,1973,17297.453
Cyprus,CYP,1974,15398.195
Cyprus,CYP,1975,12936.193
Cyprus,CYP,1976,13100.408
Cyprus,CYP,1977,14685.842
Cyprus,CYP,1978,14941.394
Cyprus,CYP,1979,15043.617
Cyprus,CYP,1980,15047.482
Cyprus,CYP,1981,14307.252
Cyprus,CYP,1982,16961.58
Cyprus,CYP,1983,17576.723
Cyprus,CYP,1984,17533.297
Cyprus,CYP,1985,18549.932
Cyprus,CYP,1986,19032.611
Cyprus,CYP,1987,22894.697
Cyprus,CYP,1988,23289.115
Cyprus,CYP,1989,23554.604
Cyprus,CYP,1990,24449.057
Cyprus,CYP,1991,24422.248
Cyprus,CYP,1992,28132.1
Cyprus,CYP,1993,28679.145
Cyprus,CYP,1994,28096.639
Cyprus,CYP,1995,29246.24
Cyprus,CYP,1996,29086.635
Cyprus,CYP,1997,28801.662
Cyprus,CYP,1998,30010.986
Cyprus,CYP,1999,31013.31
Cyprus,CYP,2000,31932.213
Cyprus,CYP,2001,31748.502
Cyprus,CYP,2002,30756.688
Cyprus,CYP,2003,32101.14
Cyprus,CYP,2004,30677.822
Cyprus,CYP,2005,33769.188
Cyprus,CYP,2006,32631.633
Cyprus,CYP,2007,32595.4
Cyprus,CYP,2008,32669.258
Cyprus,CYP,2009,31306.303
Cyprus,CYP,2010,29857.787
Cyprus,CYP,2011,28806.594
Cyprus,CYP,2012,26336.621
Cyprus,CYP,2013,22966.188
Cyprus,CYP,2014,22712.027
Cyprus,CYP,2015,22934.996
Cyprus,CYP,2016,24630.336
Cyprus,CYP,2017,24962.863
Cyprus,CYP,2018,24476.21
Cyprus,CYP,2019,24077.3
Cyprus,CYP,2020,20266.492
Cyprus,CYP,2021,20900.121
Cyprus,CYP,2022,21854.688
Cyprus,CYP,2023,21551.488
Cyprus,CYP,2024,21773.08
Czechia,CZE,1965,47613.7
Czechia,CZE,1966,47868.984
Czechia,CZE,1967,47067.8
Czechia,CZE,1968,49160.926
Czechia,CZE,1969,51287.523
Czechia,CZE,1970,53239.535
Czechia,CZE,1971,56005.42
Czechia,CZE,1972,56107.098
Czechia,CZE,1973,56224.117
Czechia,CZE,1974,56270.87
Czechia,CZE,1975,58214.336
Czechia,CZE,1976,59591.438
Czechia,CZE,1977,61070.996
Czechia,CZE,1978,61661.26
Czechia,CZE,1979,61908.984
Czechia,CZE,1980,59729.227
Czechia,CZE,1981,59296.355
Czechia,CZE,1982,58652.88
Czechia,CZE,1983,58674.1
Czechia,CZE,1984,60458.016
Czechia,CZE,1985,60141.55
Czechia,CZE,1986,59737.56
Czechia,CZE,1987,59747.324
Czechia,CZE,1988,59810.965
Czechia,CZE,1989,57823.41
Czechia,CZE,1990,49272.12
Czechia,CZE,1991,44640.473
Czechia,CZE,1992,43060.02
Czechia,CZE,1993,42488.188
Czechia,CZE,1994,41102.08
Czechia,CZE,1995,43067.543
Czechia,CZE,1996,44623.555
Czechia,CZE,1997,42790.9
Czechia,CZE,1998,41349.26
Czechia,CZE,1999,39355.11
Czechia,CZE,2000,41846.32
Czechia,CZE,2001,42559.293
Czechia,CZE,2002,41472.24
Czechia,CZE,2003,42566.28
Czechia,CZE,2004,43516.9
Czechia,CZE,2005,43038.75
Czechia,CZE,2006,43456.203
Czechia,CZE,2007,42794.76
Czechia,CZE,2008,41404.64
Czechia,CZE,2009,38757.24
Czechia,CZE,2010,40051.79
Czechia,CZE,2011,38346.043
Czechia,CZE,2012,37385.445
Czechia,CZE,2013,36088.297
Czechia,CZE,2014,35209.902
Czechia,CZE,2015,35168.9
Czechia,CZE,2016,35258.26
Czechia,CZE,2017,36648.24
Czechia,CZE,2018,36207.9
Czechia,CZE,2019,34885.895
Czechia,CZE,2020,31520.322
Czechia,CZE,2021,33648.895
Czechia,CZE,2022,31530.598
Czechia,CZE,2023,27743.828
Czechia,CZE,2024,26047.422
Denmark,DNK,1965,34910.703
Denmark,DNK,1966,39394.348
Denmark,DNK,1967,39305.227
Denmark,DNK,1968,40824.848
Denmark,DNK,1969,46604.855
Denmark,DNK,1970,49286.777
Denmark,DNK,1971,46254.53
Denmark,DNK,1972,48536.1
Denmark,DNK,1973,46676.535
Denmark,DNK,1974,42262.816
Denmark,DNK,1975,41533.723
Denmark,DNK,1976,45613.242
Denmark,DNK,1977,46400.53
Denmark,DNK,1978,46926.7
Denmark,DNK,1979,46715.18
Denmark,DNK,1980,45447.086
Denmark,DNK,1981,40829.08
Denmark,DNK,1982,39049.258
Denmark,DNK,1983,37116.09
Denmark,DNK,1984,37755.527
Denmark,DNK,1985,42523.695
Denmark,DNK,1986,43358.355
Denmark,DNK,1987,41708.516
Denmark,DNK,1988,41151.21
Denmark,DNK,1989,37811.91
Denmark,DNK,1990,38786.668
Denmark,DNK,1991,44517.17
Denmark,DNK,1992,41320.742
Denmark,DNK,1993,43525.945
Denmark,DNK,1994,46630.477
Denmark,DNK,1995,45474.375
Denmark,DNK,1996,53874.805
Denmark,DNK,1997,48080.293
Denmark,DNK,1998,45591.5
Denmark,DNK,1999,43742.445
Denmark,DNK,2000,41151.836
Denmark,DNK,2001,40989.676
Denmark,DNK,2002,40257.945
Denmark,DNK,2003,42867.125
Denmark,DNK,2004,39467.93
Denmark,DNK,2005,37729.1
Denmark,DNK,2006,41965.44
Denmark,DNK,2007,39010.07
Denmark,DNK,2008,37356.75
Denmark,DNK,2009,34629.645
Denmark,DNK,2010,35912.938
Denmark,DNK,2011,32034.209
Denmark,DNK,2012,28627.695
Denmark,DNK,2013,29148.135
Denmark,DNK,2014,26604.889
Denmark,DNK,2015,25205.24
Denmark,DNK,2016,25712.373
Denmark,DNK,2017,24116.637
Denmark,DNK,2018,24057.125
Denmark,DNK,2019,25653.2
Denmark,DNK,2020,21174.217
Denmark,DNK,2021,19703.928
Denmark,DNK,2022,19113.016
Denmark,DNK,2023,18980.432
Denmark,DNK,2024,18740.023
Ecuador,ECU,1965,1493.3441
Ecuador,ECU,1966,1513.5669
Ecuador,ECU,1967,1586.614
Ecuador,ECU,1968,1840.125
Ecuador,ECU,1969,1889.9763
Ecuador,ECU,1970,2205.4558
Ecuador,ECU,1971,2354.9128
Ecuador,ECU,1972,2395.9666
Ecuador,ECU,1973,2509.012
Ecuador,ECU,1974,2848.751
Ecuador,ECU,1975,2753.6672
Ecuador,ECU,1976,2982.6553
Ecuador,ECU,1977,3513.2239
Ecuador,ECU,1978,3495.9111
Ecuador,ECU,1979,3585.608
Ecuador,ECU,1980,4437.932
Ecuador,ECU,1981,4858.9463
Ecuador,ECU,1982,5186.894
Ecuador,ECU,1983,4666.044
Ecuador,ECU,1984,4629.3994
Ecuador,ECU,1985,5506.549
Ecuador,ECU,1986,5451.7495
Ecuador,ECU,1987,5353.3506
Ecuador,ECU,1988,6173.4116
Ecuador,ECU,1989,6229.2026
Ecuador,ECU,1990,6324.096
Ecuador,ECU,1991,6954.46
Ecuador,ECU,1992,6795.216
Ecuador,ECU,1993,6728.4385
Ecuador,ECU,1994,7114.6567
Ecuador,ECU,1995,6864.1025
Ecuador,ECU,1996,7548.5947
Ecuador,ECU,1997,8386.557
Ecuador,ECU,1998,8293.529
Ecuador,ECU,1999,7137.409
Ecuador,ECU,2000,6432.43
Ecuador,ECU,2001,6561.2744
Ecuador,ECU,2002,6252.425
Ecuador,ECU,2003,6414.9995
Ecuador,ECU,2004,6810.912
Ecuador,ECU,2005,7271.9487
Ecuador,ECU,2006,7591.4844
Ecuador,ECU,2007,7537.0264
Ecuador,ECU,2008,7607.2744
Ecuador,ECU,2009,7644.771
Ecuador,ECU,2010,8651.216
Ecuador,ECU,2011,8678.705
Ecuador,ECU,2012,8951.461
Ecuador,ECU,2013,9380.833
Ecuador,ECU,2014,9724.427
Ecuador,ECU,2015,9284.291
Ecuador,ECU,2016,8663.485
Ecuador,ECU,2017,8332.824
Ecuador,ECU,2018,8785.398
Ecuador,ECU,2019,8323.765
Ecuador,ECU,2020,6669.0923
Ecuador,ECU,2021,8136.4414
Ecuador,ECU,2022,8793.299
Ecuador,ECU,2023,9139.383
Ecuador,ECU,2024,9354.194
Egypt,EGY,1965,2825.8125
Egypt,EGY,1966,2899.5747
Egypt,EGY,1967,2384.415
Egypt,EGY,1968,2431.7698
Egypt,EGY,1969,1821.1094
Egypt,EGY,1970,2240.2488
Egypt,EGY,1971,2231.416
Egypt,EGY,1972,2455.3381
Egypt,EGY,1973,2246.1113
Egypt,EGY,1974,2474.371
Egypt,EGY,1975,2680.4282
Egypt,EGY,1976,3139.9907
Egypt,EGY,1977,3301.8613
Egypt,EGY,1978,3376.0752
Egypt,EGY,1979,3682.3127
Egypt,EGY,1980,4156.4375
Egypt,EGY,1981,4671.271
Egypt,EGY,1982,5127.928
Egypt,EGY,1983,5478.2983
Egypt,EGY,1984,5860.9653
Egypt,EGY,1985,5948.5376
Egypt,EGY,1986,5933.8906
Egypt,EGY,1987,6150.1807
Egypt,EGY,1988,6084.14
Egypt,EGY,1989,6231.8955
Egypt,EGY,1990,6197.149
Egypt,EGY,1991,6115.5635
Egypt,EGY,1992,5914.828
Egypt,EGY,1993,5770.73
Egypt,EGY,1994,5934.532
Egypt,EGY,1995,6164.658
Egypt,EGY,1996,6375.223
Egypt,EGY,1997,6512.9673
Egypt,EGY,1998,6641.3003
Egypt,EGY,1999,6950.5493
Egypt,EGY,2000,7202.339
Egypt,EGY,2001,7373.4297
Egypt,EGY,2002,7460.381
Egypt,EGY,2003,7804.8413
Egypt,EGY,2004,8098.1787
Egypt,EGY,2005,8159.554
Egypt,EGY,2006,8446.667
Egypt,EGY,2007,8810.328
Egypt,EGY,2008,9163.249
Egypt,EGY,2009,9374.75
Egypt,EGY,2010,9587.579
Egypt,EGY,2011,9890.33
Egypt,EGY,2012,10080.805
Egypt,EGY,2013,9784.882
Egypt,EGY,2014,9453.628
Egypt,EGY,2015,9378.2
Egypt,EGY,2016,9719.054
Egypt,EGY,2017,9928.006
Egypt,EGY,2018,9725.268
Egypt,EGY,2019,9269.291
Egypt,EGY,2020,8457.136
Egypt,EGY,2021,8966.798
Egypt,EGY,2022,9264.76
Egypt,EGY,2023,8977.084
Egypt,EGY,2024,9070.591
Estonia,EST,1985,77659.53
Estonia,EST,1986,76766.94
Estonia,EST,1987,77340.92
Estonia,EST,1988,75449.164
Estonia,EST,1989,77332.12
Estonia,EST,1990,81248.34
Estonia,EST,1991,74582.45
Estonia,EST,1992,52778.336
Estonia,EST,1993,44911.56
Estonia,EST,1994,46444.62
Estonia,EST,1995,42777.613
Estonia,EST,1996,46001.5
Estonia,EST,1997,45727.945
Estonia,EST,1998,41309.434
Estonia,EST,1999,38248.34
Estonia,EST,2000,39589.023
Estonia,EST,2001,41604.17
Estonia,EST,2002,41683.965
Estonia,EST,2003,45721.887
Estonia,EST,2004,46908.297
Estonia,EST,2005,47341.79
Estonia,EST,2006,46990.56
Estonia,EST,2007,54676.508
Estonia,EST,2008,50285.06
Estonia,EST,2009,42764.77
Estonia,EST,2010,52457.98
Estonia,EST,2011,52218.215
Estonia,EST,2012,52125.387
Estonia,EST,2013,55911.105
Estonia,EST,2014,53134.555
Estonia,EST,2015,48602.23
Estonia,EST,2016,50157.594
Estonia,EST,2017,55323.84
Estonia,EST,2018,54179.426
Estonia,EST,2019,42246.85
Estonia,EST,2020,37198.957
Estonia,EST,2021,39355.13
Estonia,EST,2022,40489.754
Estonia,EST,2023,35074.23
Estonia,EST,2024,33376.4
Europe,OWID_EUR,1965,28467.193
Europe,OWID_EUR,1966,29310.777
Europe,OWID_EUR,1967,30249.697
Europe,OWID_EUR,1968,31662.133
Europe,OWID_EUR,1969,33484.36
Europe,OWID_EUR,1970,35257.188
Europe,OWID_EUR,1971,36260.7
Europe,OWID_EUR,1972,37725.082
Europe,OWID_EUR,1973,39596.12
Europe,OWID_EUR,1974,39572.97
Europe,OWID_EUR,1975,39709.77
Europe,OWID_EUR,1976,41560.7
Europe,OWID_EUR,1977,42034.43
Europe,OWID_EUR,1978,43436.21
Europe,OWID_EUR,1979,44608.363
Europe,OWID_EUR,1980,43883.113
Europe,OWID_EUR,1981,42908.453
Europe,OWID_EUR,1982,42554.63
Europe,OWID_EUR,1983,42643.73
Europe,OWID_EUR,1984,43246.87
Europe,OWID_EUR,1985,41144.24
Europe,OWID_EUR,1986,41639.6
Europe,OWID_EUR,1987,42194.46
Europe,OWID_EUR,1988,42111.316
Europe,OWID_EUR,1989,41930.21
Europe,OWID_EUR,1990,42131.082
Europe,OWID_EUR,1991,41121.086
Europe,OWID_EUR,1992,39251.8
Europe,OWID_EUR,1993,37414.996
Europe,OWID_EUR,1994,35655.99
Europe,OWID_EUR,1995,35473.246
Europe,OWID_EUR,1996,35732.598
Europe,OWID_EUR,1997,34815.652
Europe,OWID_EUR,1998,34899.023
Europe,OWID_EUR,1999,34658.047
Europe,OWID_EUR,2000,34750.125
Europe,OWID_EUR,2001,35133.887
Europe,OWID_EUR,2002,35056.57
Europe,OWID_EUR,2003,35774.887
Europe,OWID_EUR,2004,36005.36
Europe,OWID_EUR,2005,36036.594
Europe,OWID_EUR,2006,36565.1
Europe,OWID_EUR,2007,36180.145
Europe,OWID_EUR,2008,35785.875
Europe,OWID_EUR,2009,33142.406
Europe,OWID_EUR,2010,34309.58
Europe,OWID_EUR,2011,33832.66
Europe,OWID_EUR,2012,33342.246
Europe,OWID_EUR,2013,32584.338
Europe,OWID_EUR,2014,31222.85
Europe,OWID_EUR,2015,30969.598
Europe,OWID_EUR,2016,31365.486
Europe,OWID_EUR,2017,31679.53
Europe,OWID_EUR,2018,31732.924
Europe,OWID_EUR,2019,30992.918
Europe,OWID_EUR,2020,28318.957
Europe,OWID_EUR,2021,29648.393
Europe,OWID_EUR,2022,29361.422
Europe,OWID_EUR,2023,28346.186
Europe,OWID_EUR,2024,28620.572
European Union (27),OWID_EU27,1965,23745.762
European Union (27),OWID_EU27,1966,24254.816
European Union (27),OWID_EU27,1967,25033.576
European Union (27),OWID_EU27,1968,26698.383
European Union (27),OWID_EU27,1969,28841.375
European Union (27),OWID_EU27,1970,30740.266
European Union (27),OWID_EU27,1971,31532.135
European Union (27),OWID_EU27,1972,32910.336
European Union (27),OWID_EU27,1973,34634.734
European Union (27),OWID_EU27,1974,33861.06
European Union (27),OWID_EU27,1975,33271.543
European Union (27),OWID_EU27,1976,35482.05
European Union (27),OWID_EU27,1977,35193.297
European Union (27),OWID_EU27,1978,36443.42
European Union (27),OWID_EU27,1979,37478.133
European Union (27),OWID_EU27,1980,36506.926
European Union (27),OWID_EU27,1981,34631.316
European Union (27),OWID_EU27,1982,33478.383
European Union (27),OWID_EU27,1983,33116.25
European Union (27),OWID_EU27,1984,33424.78
European Union (27),OWID_EU27,1985,34564.01
European Union (27),OWID_EU27,1986,34775.027
European Union (27),OWID_EU27,1987,35179.062
European Union (27),OWID_EU27,1988,34957.094
European Union (27),OWID_EU27,1989,35111.93
European Union (27),OWID_EU27,1990,35171.84
European Union (27),OWID_EU27,1991,34462.637
European Union (27),OWID_EU27,1992,33536.91
European Union (27),OWID_EU27,1993,32919.81
European Union (27),OWID_EU27,1994,32647.475
European Union (27),OWID_EU27,1995,33517.95
European Union (27),OWID_EU27,1996,34518.324
European Union (27),OWID_EU27,1997,34064.902
European Union (27),OWID_EU27,1998,34270.35
European Union (27),OWID_EU27,1999,33862.88
European Union (27),OWID_EU27,2000,33564.45
European Union (27),OWID_EU27,2001,33935.49
European Union (27),OWID_EU27,2002,33887.22
European Union (27),OWID_EU27,2003,34516.89
European Union (27),OWID_EU27,2004,34631.53
European Union (27),OWID_EU27,2005,34609.324
European Union (27),OWID_EU27,2006,34667.96
European Union (27),OWID_EU27,2007,34102.37
European Union (27),OWID_EU27,2008,33461.004
European Union (27),OWID_EU27,2009,30968.027
European Union (27),OWID_EU27,2010,31852.51
European Union (27),OWID_EU27,2011,30749.47
European Union (27),OWID_EU27,2012,29902.146
European Union (27),OWID_EU27,2013,29220.129
European Union (27),OWID_EU27,2014,27726.078
European Union (27),OWID_EU27,2015,28196.094
European Union (27),OWID_EU27,2016,28576.105
European Union (27),OWID_EU27,2017,29304.16
European Union (27),OWID_EU27,2018,28719.045
European Union (27),OWID_EU27,2019,27905.375
European Union (27),OWID_EU27,2020,24949.436
European Union (27),OWID_EU27,2021,26495.031
European Union (27),OWID_EU27,2022,25627.814
European Union (27),OWID_EU27,2023,23695.27
European Union (27),OWID_EU27,2024,23567.24
Finland,FIN,1965,19224.895
Finland,FIN,1966,21973.238
Finland,FIN,1967,22546.682
Finland,FIN,1968,25719.963
Finland,FIN,1969,30073.047
Finland,FIN,1970,33333.734
Finland,FIN,1971,33606.637
Finland,FIN,1972,35783.164
Finland,FIN,1973,39755.21
Finland,FIN,1974,36324.8
Finland,FIN,1975,37177.406
Finland,FIN,1976,41478.97
Finland,FIN,1977,40818.883
Finland,FIN,1978,43716.02
Finland,FIN,1979,45064.152
Finland,FIN,1980,44914.56
Finland,FIN,1981,38653.47
Finland,FIN,1982,36860.18
Finland,FIN,1983,35272.703
Finland,FIN,1984,36872.332
Finland,FIN,1985,39892.79
Finland,FIN,1986,40386.742
Finland,FIN,1987,42201.15
Finland,FIN,1988,41987.57
Finland,FIN,1989,42559.934
Finland,FIN,1990,44149.12
Finland,FIN,1991,43960.363
Finland,FIN,1992,42550.2
Finland,FIN,1993,42846.035
Finland,FIN,1994,46849.676
Finland,FIN,1995,42848.32
Finland,FIN,1996,46502.316
Finland,FIN,1997,45068.883
Finland,FIN,1998,44215.363
Finland,FIN,1999,44008.062
Finland,FIN,2000,43306.504
Finland,FIN,2001,45737.523
Finland,FIN,2002,47297.863
Finland,FIN,2003,52483.133
Finland,FIN,2004,48446.016
Finland,FIN,2005,42560.76
Finland,FIN,2006,48095.793
Finland,FIN,2007,46554.39
Finland,FIN,2008,42099.074
Finland,FIN,2009,39840.15
Finland,FIN,2010,44262.16
Finland,FIN,2011,39869.426
Finland,FIN,2012,35926.254
Finland,FIN,2013,37184.703
Finland,FIN,2014,34170.44
Finland,FIN,2015,32095.36
Finland,FIN,2016,33718.08
Finland,FIN,2017,31899.045
Finland,FIN,2018,32641.625
Finland,FIN,2019,30917.979
Finland,FIN,2020,27167.318
Finland,FIN,2021,26412.746
Finland,FIN,2022,25568.98
Finland,FIN,2023,22446.87
Finland,FIN,2024,21408.75
France,FRA,1965,24726.89
France,FRA,1966,24744.92
France,FRA,1967,26623.951
France,FRA,1968,27584.023
France,FRA,1969,30215.172
France,FRA,1970,32342.617
France,FRA,1971,33533.18
France,FRA,1972,35315.31
France,FRA,1973,38415.246
France,FRA,1974,36917.31
France,FRA,1975,34127.203
France,FRA,1976,37041.207
France,FRA,1977,36029.023
France,FRA,1978,37155.44
France,FRA,1979,37795.812
France,FRA,1980,36025.78
France,FRA,1981,32735.576
France,FRA,1982,30923.508
France,FRA,1983,29882.604
France,FRA,1984,28934.725
France,FRA,1985,28687.236
France,FRA,1986,27997.25
France,FRA,1987,27843.191
France,FRA,1988,27460.799
France,FRA,1989,27998.521
France,FRA,1990,27956.107
France,FRA,1991,29979.168
France,FRA,1992,29307.787
France,FRA,1993,27864.098
France,FRA,1994,26936.553
France,FRA,1995,27639.344
France,FRA,1996,28763.46
France,FRA,1997,28051.727
France,FRA,1998,29623.295
France,FRA,1999,29324.879
France,FRA,2000,29088.74
France,FRA,2001,28763.24
France,FRA,2002,28235.068
France,FRA,2003,28614.008
France,FRA,2004,28628.041
France,FRA,2005,28304.52
France,FRA,2006,27607.334
France,FRA,2007,26887.84
France,FRA,2008,26515.484
France,FRA,2009,25141.854
France,FRA,2010,25442.096
France,FRA,2011,23816.281
France,FRA,2012,23621.719
France,FRA,2013,23556.992
France,FRA,2014,21265.48
France,FRA,2015,21758.055
France,FRA,2016,22013.84
France,FRA,2017,22336.453
France,FRA,2018,21493.436
France,FRA,2019,21123.574
France,FRA,2020,18170.242
France,FRA,2021,19619.186
France,FRA,2022,18713.715
France,FRA,2023,17562.715
France,FRA,2024,17201.344
Germany,DEU,1965,38451.215
Germany,DEU,1966,38172.07
Germany,DEU,1967,37893.785
Germany,DEU,1968,40292.03
Germany,DEU,1969,43174.816
Germany,DEU,1970,45237.53
Germany,DEU,1971,45732.293
Germany,DEU,1972,47013.535
Germany,DEU,1973,49446.09
Germany,DEU,1974,48374.285
Germany,DEU,1975,46276.44
Germany,DEU,1976,49615.33
Germany,DEU,1977,49039.227
Germany,DEU,1978,50811.83
Germany,DEU,1979,53439.805
Germany,DEU,1980,51316.03
Germany,DEU,1981,49161.652
Germany,DEU,1982,47034.395
Germany,DEU,1983,47769.89
Germany,DEU,1984,48861.418
Germany,DEU,1985,49320.094
Germany,DEU,1986,49078.688
Germany,DEU,1987,48989.78
Germany,DEU,1988,48429.06
Germany,DEU,1989,47360.81
Germany,DEU,1990,46467.973
Germany,DEU,1991,45084.17
Germany,DEU,1992,43217.203
Germany,DEU,1993,42862.914
Germany,DEU,1994,42267.324
Germany,DEU,1995,42214.67
Germany,DEU,1996,43496.85
Germany,DEU,1997,42441.98
Germany,DEU,1998,42455.77
Germany,DEU,1999,41539.562
Germany,DEU,2000,41465.652
Germany,DEU,2001,42233.83
Germany,DEU,2002,41527.062
Germany,DEU,2003,41468.637
Germany,DEU,2004,41012.3
Germany,DEU,2005,40321.598
Germany,DEU,2006,41132.637
Germany,DEU,2007,39534.62
Germany,DEU,2008,39771.332
Germany,DEU,2009,37294.395
Germany,DEU,2010,38778.836
Germany,DEU,2011,37506.168
Germany,DEU,2012,37724.914
Germany,DEU,2013,38836.906
Germany,DEU,2014,36413.2
Germany,DEU,2015,36320.945
Germany,DEU,2016,36982.324
Germany,DEU,2017,37570.305
Germany,DEU,2018,36010.805
Germany,DEU,2019,34323.883
Germany,DEU,2020,31199.562
Germany,DEU,2021,32845.434
Germany,DEU,2022,31390.996
Germany,DEU,2023,28160.324
Germany,DEU,2024,28390.643
Greece,GRC,1965,9010.013
Greece,GRC,1966,9502.862
Greece,GRC,1967,10454.943
Greece,GRC,1968,10907.785
Greece,GRC,1969,11277.521
Greece,GRC,1970,12410.929
Greece,GRC,1971,14884.523
Greece,GRC,1972,16679.207
Greece,GRC,1973,19380.682
Greece,GRC,1974,18814.633
Greece,GRC,1975,21329.932
Greece,GRC,1976,23309.252
Greece,GRC,1977,23864.059
Greece,GRC,1978,23679.229
Greece,GRC,1979,20206.984
Greece,GRC,1980,19789.797
Greece,GRC,1981,19113.76
Greece,GRC,1982,19177.018
Greece,GRC,1983,19510.625
Greece,GRC,1984,20110.148
Greece,GRC,1985,21183.16
Greece,GRC,1986,20995.06
Greece,GRC,1987,23075.252
Greece,GRC,1988,24427.748
Greece,GRC,1989,26565.607
Greece,GRC,1990,27496.79
Greece,GRC,1991,27391.326
Greece,GRC,1992,28000.025
Greece,GRC,1993,28200.115
Greece,GRC,1994,28457.674
Greece,GRC,1995,29113.824
Greece,GRC,1996,29501.307
Greece,GRC,1997,30356.652
Greece,GRC,1998,32183.752
Greece,GRC,1999,31752.95
Greece,GRC,2000,33461.043
Greece,GRC,2001,33882.312
Greece,GRC,2002,33598.33
Greece,GRC,2003,34913.13
Greece,GRC,2004,34815.746
Greece,GRC,2005,34715.434
Greece,GRC,2006,35301.97
Greece,GRC,2007,36695.13
Greece,GRC,2008,35621.11
Greece,GRC,2009,33545.867
Greece,GRC,2010,31251.662
Greece,GRC,2011,31283.854
Greece,GRC,2012,28959.68
Greece,GRC,2013,26211.447
Greece,GRC,2014,25066.535
Greece,GRC,2015,24930.1
Greece,GRC,2016,24597.582
Greece,GRC,2017,26350.71
Greece,GRC,2018,26019.777
Greece,GRC,2019,25374.34
Greece,GRC,2020,21329.066
Greece,GRC,2021,22849.502
Greece,GRC,2022,24258.898
Greece,GRC,2023,23371.525
Greece,GRC,2024,24934.574
High-income countries,OWID_HIC,1965,29781.78
High-income countries,OWID_HIC,1966,30919.662
High-income countries,OWID_HIC,1967,31878.824
High-income countries,OWID_HIC,1968,33705.168
High-income countries,OWID_HIC,1969,35678.996
High-income countries,OWID_HIC,1970,37404.168
High-income countries,OWID_HIC,1971,37881.312
High-income countries,OWID_HIC,1972,39400.047
High-income countries,OWID_HIC,1973,41262.555
High-income countries,OWID_HIC,1974,39838.266
High-income countries,OWID_HIC,1975,38475.375
High-income countries,OWID_HIC,1976,40447.684
High-income countries,OWID_HIC,1977,40902.664
High-income countries,OWID_HIC,1978,41493.71
High-income countries,OWID_HIC,1979,42254.695
High-income countries,OWID_HIC,1980,40523.816
High-income countries,OWID_HIC,1981,38945.74
High-income countries,OWID_HIC,1982,37241.375
High-income countries,OWID_HIC,1983,36831.89
High-income countries,OWID_HIC,1984,37927.957
High-income countries,OWID_HIC,1985,45895.99
High-income countries,OWID_HIC,1986,46128.13
High-income countries,OWID_HIC,1987,47114.773
High-income countries,OWID_HIC,1988,48203.383
High-income countries,OWID_HIC,1989,48637.816
High-income countries,OWID_HIC,1990,48348.125
High-income countries,OWID_HIC,1991,47894.395
High-income countries,OWID_HIC,1992,47724.203
High-income countries,OWID_HIC,1993,47330.098
High-income countries,OWID_HIC,1994,47342.902
High-income countries,OWID_HIC,1995,47645.543
High-income countries,OWID_HIC,1996,48593.168
High-income countries,OWID_HIC,1997,48456.875
High-income countries,OWID_HIC,1998,48350.84
High-income countries,OWID_HIC,1999,48682.668
High-income countries,OWID_HIC,2000,49338.074
High-income countries,OWID_HIC,2001,49144.8
High-income countries,OWID_HIC,2002,49283.5
High-income countries,OWID_HIC,2003,49916.14
High-income countries,OWID_HIC,2004,50508.45
High-income countries,OWID_HIC,2005,50572.133
High-income countries,OWID_HIC,2006,50466.816
High-income countries,OWID_HIC,2007,50792.043
High-income countries,OWID_HIC,2008,49916.562
High-income countries,OWID_HIC,2009,46817.32
High-income countries,OWID_HIC,2010,48610.04
High-income countries,OWID_HIC,2011,48133.9
High-income countries,OWID_HIC,2012,47698.5
High-income countries,OWID_HIC,2013,47662.645
High-income countries,OWID_HIC,2014,47051.42
High-income countries,OWID_HIC,2015,46838.312
High-income countries,OWID_HIC,2016,46701.39
High-income countries,OWID_HIC,2017,46735.92
High-income countries,OWID_HIC,2018,47162.44
High-income countries,OWID_HIC,2019,46167.305
High-income countries,OWID_HIC,2020,42240.8
High-income countries,OWID_HIC,2021,44230.465
High-income countries,OWID_HIC,2022,44468.473
High-income countries,OWID_HIC,2023,43365.19
High-income countries,OWID_HIC,2024,43595.45
Hong Kong,HKG,1965,6822.078
Hong Kong,HKG,1966,7104.2744
Hong Kong,HKG,1967,9698.19
Hong Kong,HKG,1968,11883.904
Hong Kong,HKG,1969,12604.801
Hong Kong,HKG,1970,12294.842
Hong Kong,HKG,1971,12172.687
Hong Kong,HKG,1972,13396.262
Hong Kong,HKG,1973,13544.569
Hong Kong,HKG,1974,13521.407
Hong Kong,HKG,1975,12420.539
Hong Kong,HKG,1976,14321.023
Hong Kong,HKG,1977,15113.214
Hong Kong,HKG,1978,15358.8125
Hong Kong,HKG,1979,15390.711
Hong Kong,HKG,1980,15394.662
Hong Kong,HKG,1981,16085.722
Hong Kong,HKG,1982,17349.246
Hong Kong,HKG,1983,18097.594
Hong Kong,HKG,1984,18258.68
Hong Kong,HKG,1985,18684.584
Hong Kong,HKG,1986,19369.373
Hong Kong,HKG,1987,21146.838
Hong Kong,HKG,1988,24234.164
Hong Kong,HKG,1989,25784.227
Hong Kong,HKG,1990,25061.64
Hong Kong,HKG,1991,25655.13
Hong Kong,HKG,1992,29503.812
Hong Kong,HKG,1993,31427.719
Hong Kong,HKG,1994,27819.545
Hong Kong,HKG,1995,29250.053
Hong Kong,HKG,1996,28654.012
Hong Kong,HKG,1997,28471.621
Hong Kong,HKG,1998,28557.63
Hong Kong,HKG,1999,28507.68
Hong Kong,HKG,2000,29453.42
Hong Kong,HKG,2001,36818.906
Hong Kong,HKG,2002,35686.53
Hong Kong,HKG,2003,36653.867
Hong Kong,HKG,2004,40871.113
Hong Kong,HKG,2005,39095.48
Hong Kong,HKG,2006,41227.36
Hong Kong,HKG,2007,43608.81
Hong Kong,HKG,2008,40288.21
Hong Kong,HKG,2009,43719.562
Hong Kong,HKG,2010,45201.395
Hong Kong,HKG,2011,46042.133
Hong Kong,HKG,2012,43923.293
Hong Kong,HKG,2013,44670.84
Hong Kong,HKG,2014,43271.55
Hong Kong,HKG,2015,44224.89
Hong Kong,HKG,2016,45134.824
Hong Kong,HKG,2017,48165.113
Hong Kong,HKG,2018,48545.77
Hong Kong,HKG,2019,45908.89
Hong Kong,HKG,2020,34276.445
Hong Kong,HKG,2021,32341.648
Hong Kong,HKG,2022,28845.482
Hong Kong,HKG,2023,33395.88
Hong Kong,HKG,2024,36414.688
Hungary,HUN,1965,18218.271
Hungary,HUN,1966,18403.11
Hungary,HUN,1967,17503.012
Hungary,HUN,1968,18091.84
Hungary,HUN,1969,19304.547
Hungary,HUN,1970,20734.516
Hungary,HUN,1971,21347.035
Hungary,HUN,1972,21972.824
Hungary,HUN,1973,23722.969
Hungary,HUN,1974,24347.037
Hungary,HUN,1975,25603.443
Hungary,HUN,1976,27205.701
Hungary,HUN,1977,28479.238
Hungary,HUN,1978,30358.709
Hungary,HUN,1979,29980.56
Hungary,HUN,1980,30060.441
Hungary,HUN,1981,29785.041
Hungary,HUN,1982,29985.012
Hungary,HUN,1983,28900.018
Hungary,HUN,1984,29458.266
Hungary,HUN,1985,29821.568
Hungary,HUN,1986,29521.492
Hungary,HUN,1987,30069.494
Hungary,HUN,1988,28734.752
Hungary,HUN,1989,27877.564
Hungary,HUN,1990,27329.28
Hungary,HUN,1991,25274.508
Hungary,HUN,1992,24048.152
Hungary,HUN,1993,23084.158
Hungary,HUN,1994,23510.854
Hungary,HUN,1995,23863.775
Hungary,HUN,1996,24387.031
Hungary,HUN,1997,23812.086
Hungary,HUN,1998,24312.678
Hungary,HUN,1999,24325.086
Hungary,HUN,2000,23534.684
Hungary,HUN,2001,24299.842
Hungary,HUN,2002,23783.486
Hungary,HUN,2003,24999.29
Hungary,HUN,2004,25090.432
Hungary,HUN,2005,26241.168
Hungary,HUN,2006,25919.844
Hungary,HUN,2007,25117.771
Hungary,HUN,2008,24426.865
Hungary,HUN,2009,22034.898
Hungary,HUN,2010,22497.922
Hungary,HUN,2011,21899.13
Hungary,HUN,2012,20145.049
Hungary,HUN,2013,18991.592
Hungary,HUN,2014,18843.334
Hungary,HUN,2015,20156.762
Hungary,HUN,2016,20621.465
Hungary,HUN,2017,22061.459
Hungary,HUN,2018,22283.959
Hungary,HUN,2019,22287.684
Hungary,HUN,2020,21632.383
Hungary,HUN,2021,22779.494
Hungary,HUN,2022,20935.807
Hungary,HUN,2023,19279.348
Hungary,HUN,2024,19283.053
Iceland,ISL,1965,29574.547
Iceland,ISL,1966,31221.94
Iceland,ISL,1967,29751.926
Iceland,ISL,1968,31278.889
Iceland,ISL,1969,28387.11
Iceland,ISL,1970,28811.555
Iceland,ISL,1971,31094.09
Iceland,ISL,1972,32813.453
Iceland,ISL,1973,37407.234
Iceland,ISL,1974,34440.27
Iceland,ISL,1975,31936.656
Iceland,ISL,1976,31770.928
Iceland,ISL,1977,32979.133
Iceland,ISL,1978,34478.61
Iceland,ISL,1979,33956.074
Iceland,ISL,1980,31587.49
Iceland,ISL,1981,31248.914
Iceland,ISL,1982,28212.604
Iceland,ISL,1983,27799.816
Iceland,ISL,1984,29482.58
Iceland,ISL,1985,29381.379
Iceland,ISL,1986,29962.598
Iceland,ISL,1987,30986.146
Iceland,ISL,1988,31781.613
Iceland,ISL,1989,33571.984
Iceland,ISL,1990,33757.688
Iceland,ISL,1991,31602.047
Iceland,ISL,1992,32764.684
Iceland,ISL,1993,33639.598
Iceland,ISL,1994,33724.895
Iceland,ISL,1995,34143.758
Iceland,ISL,1996,37596.44
Iceland,ISL,1997,36742.973
Iceland,ISL,1998,36892.24
Iceland,ISL,1999,36807.36
Iceland,ISL,2000,38032.285
Iceland,ISL,2001,35785.094
Iceland,ISL,2002,36711.746
Iceland,ISL,2003,36730.074
Iceland,ISL,2004,38091.246
Iceland,ISL,2005,37918.56
Iceland,ISL,2006,37688.965
Iceland,ISL,2007,37121.938
Iceland,ISL,2008,33509.984
Iceland,ISL,2009,30948.13
Iceland,ISL,2010,29992.85
Iceland,ISL,2011,29542.807
Iceland,ISL,2012,29182.877
Iceland,ISL,2013,30573.777
Iceland,ISL,2014,30738.87
Iceland,ISL,2015,33236.42
Iceland,ISL,2016,36317.42
Iceland,ISL,2017,39117.75
Iceland,ISL,2018,40925.055
Iceland,ISL,2019,34386.79
Iceland,ISL,2020,22560.252
Iceland,ISL,2021,25833.508
Iceland,ISL,2022,30762.201
Iceland,ISL,2023,30736.719
Iceland,ISL,2024,32031.088
India,IND,1965,1148.192
India,IND,1966,1156.7441
India,IND,1967,1157.539
India,IND,1968,1200.554
India,IND,1969,1299.0079
India,IND,1970,1227.4641
India,IND,1971,1241.5614
India,IND,1972,1292.6299
India,IND,1973,1278.1304
India,IND,1974,1341.1182
India,IND,1975,1388.2163
India,IND,1976,1420.7733
India,IND,1977,1465.6387
India,IND,1978,1446.3971
India,IND,1979,1513.9917
India,IND,1980,1524.2687
India,IND,1981,1659.2095
India,IND,1982,1641.6394
India,IND,1983,1700.9835
India,IND,1984,1762.8319
India,IND,1985,1835.5856
India,IND,1986,1929.8331
India,IND,1987,2031.0422
India,IND,1988,2155.7722
India,IND,1989,2298.4958
India,IND,1990,2411.6506
India,IND,1991,2481.0706
India,IND,1992,2576.8555
India,IND,1993,2590.057
India,IND,1994,2660.6665
India,IND,1995,2825.93
India,IND,1996,2907.649
India,IND,1997,3012.3542
India,IND,1998,3104.647
India,IND,1999,3137.4297
India,IND,2000,3253.832
India,IND,2001,3212.108
India,IND,2002,3282.2295
India,IND,2003,3348.7969
India,IND,2004,3500.9736
India,IND,2005,3680.2502
India,IND,2006,3786.1335
India,IND,2007,4044.6406
India,IND,2008,4255.125
India,IND,2009,4541.8394
India,IND,2010,4653.53
India,IND,2011,4771.1455
India,IND,2012,5002.429
India,IND,2013,5066.6987
India,IND,2014,5343.0654
India,IND,2015,5470.2134
India,IND,2016,5662.336
India,IND,2017,5781.862
India,IND,2018,6013.183
India,IND,2019,6028.283
India,IND,2020,5601.0454
India,IND,2021,6056.6587
India,IND,2022,6277.696
India,IND,2023,6742.93
India,IND,2024,6968.8735
Indonesia,IDN,1965,780.5336
Indonesia,IDN,1966,740.6924
Indonesia,IDN,1967,704.21216
Indonesia,IDN,1968,718.9542
Indonesia,IDN,1969,796.37317
Indonesia,IDN,1970,817.7622
Indonesia,IDN,1971,823.2074
Indonesia,IDN,1972,855.6307
Indonesia,IDN,1973,936.02966
Indonesia,IDN,1974,976.296
Indonesia,IDN,1975,1172.4434
Indonesia,IDN,1976,1219.3998
Indonesia,IDN,1977,1565.4755
Indonesia,IDN,1978,1733.8861
Indonesia,IDN,1979,1927.4655
Indonesia,IDN,1980,2026.582
Indonesia,IDN,1981,2124.247
Indonesia,IDN,1982,2114.6785
Indonesia,IDN,1983,2177.6243
Indonesia,IDN,1984,2344.5178
Indonesia,IDN,1985,2427.229
Indonesia,IDN,1986,2514.1924
Indonesia,IDN,1987,2604.6943
Indonesia,IDN,1988,2694.4016
Indonesia,IDN,1989,2920.6143
Indonesia,IDN,1990,3148.6519
Indonesia,IDN,1991,3362.5186
Indonesia,IDN,1992,3605.7869
Indonesia,IDN,1993,3799.4465
Indonesia,IDN,1994,3924.3206
Indonesia,IDN,1995,4199.762
Indonesia,IDN,1996,4431.0273
Indonesia,IDN,1997,4781.7695
Indonesia,IDN,1998,4554.221
Indonesia,IDN,1999,4906.512
Indonesia,IDN,2000,5186.8135
Indonesia,IDN,2001,5456.1533
Indonesia,IDN,2002,5558.7637
Indonesia,IDN,2003,5988.716
Indonesia,IDN,2004,5837.0137
Indonesia,IDN,2005,5925.2837
Indonesia,IDN,2006,5964.779
Indonesia,IDN,2007,6308.277
Indonesia,IDN,2008,6285.3394
Indonesia,IDN,2009,6370.212
Indonesia,IDN,2010,6755.498
Indonesia,IDN,2011,7113.4233
Indonesia,IDN,2012,7401.2847
Indonesia,IDN,2013,6815.055
Indonesia,IDN,2014,6844.4106
Indonesia,IDN,2015,6965.6455
Indonesia,IDN,2016,6716.6367
Indonesia,IDN,2017,7166.9355
Indonesia,IDN,2018,7275.442
Indonesia,IDN,2019,7572.9106
Indonesia,IDN,2020,6896.3584
Indonesia,IDN,2021,7073.695
Indonesia,IDN,2022,8868.848
Indonesia,IDN,2023,8861.7
Indonesia,IDN,2024,9393.863
Iran,IRN,1965,3682.8286
Iran,IRN,1966,3893.8132
Iran,IRN,1967,4159.865
Iran,IRN,1968,4443.7695
Iran,IRN,1969,4737.541
Iran,IRN,1970,5445.512
Iran,IRN,1971,5794.403
Iran,IRN,1972,6334.415
Iran,IRN,1973,7465.561
Iran,IRN,1974,8226.812
Iran,IRN,1975,9333.733
Iran,IRN,1976,10193.845
Iran,IRN,1977,11221.312
Iran,IRN,1978,10432.183
Iran,IRN,1979,10983.792
Iran,IRN,1980,9777.298
Iran,IRN,1981,9276.545
Iran,IRN,1982,9961.993
Iran,IRN,1983,11462.14
Iran,IRN,1984,11986.073
Iran,IRN,1985,12635.521
Iran,IRN,1986,11321.116
Iran,IRN,1987,11695.56
Iran,IRN,1988,11533.775
Iran,IRN,1989,12363.459
Iran,IRN,1990,13522.716
Iran,IRN,1991,14397.283
Iran,IRN,1992,15464.705
Iran,IRN,1993,14162.085
Iran,IRN,1994,16065.411
Iran,IRN,1995,16611.586
Iran,IRN,1996,17887.996
Iran,IRN,1997,18362.244
Iran,IRN,1998,18806.064
Iran,IRN,1999,20112.295
Iran,IRN,2000,20856.783
Iran,IRN,2001,21940.535
Iran,IRN,2002,23568.041
Iran,IRN,2003,23677.818
Iran,IRN,2004,25584.002
Iran,IRN,2005,26434.18
Iran,IRN,2006,28166.926
Iran,IRN,2007,29527.256
Iran,IRN,2008,30483.213
Iran,IRN,2009,30865.072
Iran,IRN,2010,31379.582
Iran,IRN,2011,32196.834
Iran,IRN,2012,31937.361
Iran,IRN,2013,32613.422
Iran,IRN,2014,33575.84
Iran,IRN,2015,32894.793
Iran,IRN,2016,34148.24
Iran,IRN,2017,34799.957
Iran,IRN,2018,35715.895
Iran,IRN,2019,36625.797
Iran,IRN,2020,38073.25
Iran,IRN,2021,37597.266
Iran,IRN,2022,38342.1
Iran,IRN,2023,38796.684
Iran,IRN,2024,38408.992
Iraq,IRQ,1965,2779.2488
Iraq,IRQ,1966,2957.831
Iraq,IRQ,1967,2882.707
Iraq,IRQ,1968,2954.2734
Iraq,IRQ,1969,3301.926
Iraq,IRQ,1970,3969.718
Iraq,IRQ,1971,4194.126
Iraq,IRQ,1972,4756.5645
Iraq,IRQ,1973,4492.822
Iraq,IRQ,1974,4222.969
Iraq,IRQ,1975,4459.251
Iraq,IRQ,1976,5456.6016
Iraq,IRQ,1977,5505.247
Iraq,IRQ,1978,5620.1484
Iraq,IRQ,1979,6781.702
Iraq,IRQ,1980,7305.8364
Iraq,IRQ,1981,6634.6265
Iraq,IRQ,1982,6687.7285
Iraq,IRQ,1983,7474.5415
Iraq,IRQ,1984,8038.2974
Iraq,IRQ,1985,9018.311
Iraq,IRQ,1986,10153.755
Iraq,IRQ,1987,11316.226
Iraq,IRQ,1988,12875.71
Iraq,IRQ,1989,14295.161
Iraq,IRQ,1990,12738.152
Iraq,IRQ,1991,8086.3706
Iraq,IRQ,1992,12164.695
Iraq,IRQ,1993,15524.413
Iraq,IRQ,1994,16860.16
Iraq,IRQ,1995,16116.339
Iraq,IRQ,1996,15715.414
Iraq,IRQ,1997,18206.174
Iraq,IRQ,1998,13083.359
Iraq,IRQ,1999,9253.298
Iraq,IRQ,2000,12821.808
Iraq,IRQ,2001,13871.098
Iraq,IRQ,2002,12659.46
Iraq,IRQ,2003,10828.391
Iraq,IRQ,2004,11220.593
Iraq,IRQ,2005,10358.355
Iraq,IRQ,2006,9974.359
Iraq,IRQ,2007,10187.835
Iraq,IRQ,2008,11654.398
Iraq,IRQ,2009,11031.15
Iraq,IRQ,2010,12312.052
Iraq,IRQ,2011,12304.254
Iraq,IRQ,2012,12754.41
Iraq,IRQ,2013,13399.491
Iraq,IRQ,2014,12841.547
Iraq,IRQ,2015,12361.604
Iraq,IRQ,2016,12880.428
Iraq,IRQ,2017,15062.468
Iraq,IRQ,2018,15320.365
Iraq,IRQ,2019,15870.677
Iraq,IRQ,2020,13838.894
Iraq,IRQ,2021,14132.244
Iraq,IRQ,2022,15250.818
Iraq,IRQ,2023,15824.149
Iraq,IRQ,2024,15903.173
Ireland,IRL,1965,22580.578
Ireland,IRL,1966,25371.729
Ireland,IRL,1967,27464.756
Ireland,IRL,1968,32011.39
Ireland,IRL,1969,32110.795
Ireland,IRL,1970,24795.984
Ireland,IRL,1971,25845.262
Ireland,IRL,1972,26701.906
Ireland,IRL,1973,27712.688
Ireland,IRL,1974,27636.365
Ireland,IRL,1975,25658.719
Ireland,IRL,1976,25747.594
Ireland,IRL,1977,26927.7
Ireland,IRL,1978,27648.91
Ireland,IRL,1979,30020.88
Ireland,IRL,1980,28679.787
Ireland,IRL,1981,27674.977
Ireland,IRL,1982,27309.408
Ireland,IRL,1983,26753.45
Ireland,IRL,1984,26401.96
Ireland,IRL,1985,27486.328
Ireland,IRL,1986,29584.885
Ireland,IRL,1987,30135.227
Ireland,IRL,1988,29962.26
Ireland,IRL,1989,31161.184
Ireland,IRL,1990,32960.96
Ireland,IRL,1991,34025.74
Ireland,IRL,1992,33888.13
Ireland,IRL,1993,34484.21
Ireland,IRL,1994,35697.246
Ireland,IRL,1995,36409.914
Ireland,IRL,1996,38140.4
Ireland,IRL,1997,39027.145
Ireland,IRL,1998,41315.695
Ireland,IRL,1999,43217.332
Ireland,IRL,2000,44659.652
Ireland,IRL,2001,46628.63
Ireland,IRL,2002,45132.58
Ireland,IRL,2003,43458.992
Ireland,IRL,2004,43361.473
Ireland,IRL,2005,43981.883
Ireland,IRL,2006,43851.344
Ireland,IRL,2007,43046.742
Ireland,IRL,2008,41373.156
Ireland,IRL,2009,36206.523
Ireland,IRL,2010,36579.133
Ireland,IRL,2011,33646.168
Ireland,IRL,2012,33016.426
Ireland,IRL,2013,32060.545
Ireland,IRL,2014,31270.45
Ireland,IRL,2015,32130.45
Ireland,IRL,2016,33632.6
Ireland,IRL,2017,32537.975
Ireland,IRL,2018,32269.857
Ireland,IRL,2019,31137.367
Ireland,IRL,2020,27733.904
Ireland,IRL,2021,29124.404
Ireland,IRL,2022,29100.941
Ireland,IRL,2023,26819.076
Ireland,IRL,2024,26614.334
Israel,ISR,1965,17588.584
Israel,ISR,1966,17520.318
Israel,ISR,1967,20378.406
Israel,ISR,1968,19906.223
Israel,ISR,1969,21610.744
Israel,ISR,1970,22179.049
Israel,ISR,1971,24217.996
Israel,ISR,1972,22180.967
Israel,ISR,1973,23021.08
Israel,ISR,1974,22569.314
Israel,ISR,1975,22645.975
Israel,ISR,1976,22669.365
Israel,ISR,1977,23247.664
Israel,ISR,1978,24807.955
Israel,ISR,1979,25062.902
Israel,ISR,1980,24875.014
Israel,ISR,1981,24761.842
Israel,ISR,1982,26196.475
Israel,ISR,1983,25710.475
Israel,ISR,1984,26262.424
Israel,ISR,1985,23931.38
Israel,ISR,1986,24786.8
Israel,ISR,1987,26152.5
Israel,ISR,1988,27571.812
Israel,ISR,1989,28361.623
Israel,ISR,1990,28410.686
Israel,ISR,1991,27460.848
Israel,ISR,1992,30886.305
Israel,ISR,1993,32695.271
Israel,ISR,1994,33258.777
Israel,ISR,1995,36441.48
Israel,ISR,1996,36771.32
Israel,ISR,1997,39164.07
Israel,ISR,1998,40192.387
Israel,ISR,1999,40560.2
Israel,ISR,2000,37190.68
Israel,ISR,2001,36286.664
Israel,ISR,2002,36252.703
Israel,ISR,2003,36690.445
Israel,ISR,2004,36772.55
Israel,ISR,2005,36318.12
Israel,ISR,2006,35912.883
Israel,ISR,2007,36614.64
Israel,ISR,2008,37026.168
Israel,ISR,2009,35326.21
Israel,ISR,2010,36044.47
Israel,ISR,2011,36014.68
Israel,ISR,2012,36967.043
Israel,ISR,2013,34265.363
Israel,ISR,2014,32657.105
Israel,ISR,2015,33693.895
Israel,ISR,2016,33543.348
Israel,ISR,2017,33534.438
Israel,ISR,2018,33652.58
Israel,ISR,2019,33756.76
Israel,ISR,2020,31022.863
Israel,ISR,2021,30970.725
Israel,ISR,2022,31895.814
Israel,ISR,2023,28181.152
Israel,ISR,2024,26540.684
Italy,ITA,1965,15244.648
Italy,ITA,1966,16531.504
Italy,ITA,1967,18106.504
Italy,ITA,1968,19651.799
Italy,ITA,1969,21340.947
Italy,ITA,1970,23622.285
Italy,ITA,1971,24924.877
Italy,ITA,1972,25974.738
Italy,ITA,1973,27264.316
Italy,ITA,1974,27019.402
Italy,ITA,1975,26056.398
Italy,ITA,1976,27605.578
Italy,ITA,1977,26968.105
Italy,ITA,1978,27836.8
Italy,ITA,1979,28762.713
Italy,ITA,1980,27867.22
Italy,ITA,1981,27231.307
Italy,ITA,1982,26479.875
Italy,ITA,1983,25904.717
Italy,ITA,1984,26219.75
Italy,ITA,1985,26156.113
Italy,ITA,1986,26829.566
Italy,ITA,1987,28202.088
Italy,ITA,1988,28876.35
Italy,ITA,1989,30094.885
Italy,ITA,1990,35934.453
Italy,ITA,1991,34277.688
Italy,ITA,1992,34417.938
Italy,ITA,1993,33855.594
Italy,ITA,1994,33471.04
Italy,ITA,1995,35629.39
Italy,ITA,1996,35688.492
Italy,ITA,1997,36044.293
Italy,ITA,1998,36090.848
Italy,ITA,1999,36047.93
Italy,ITA,2000,34045.543
Italy,ITA,2001,33802.293
Italy,ITA,2002,34138.742
Italy,ITA,2003,35223.17
Italy,ITA,2004,35509.066
Italy,ITA,2005,35565.004
Italy,ITA,2006,35305.566
Italy,ITA,2007,34461.973
Italy,ITA,2008,33188.367
Italy,ITA,2009,29813.898
Italy,ITA,2010,30403.63
Italy,ITA,2011,29346.994
Italy,ITA,2012,27861.543
Italy,ITA,2013,25325.502
Italy,ITA,2014,24209.072
Italy,ITA,2015,25136.922
Italy,ITA,2016,25198.85
Italy,ITA,2017,25653.99
Italy,ITA,2018,25427.686
Italy,ITA,2019,25103.855
Italy,ITA,2020,22216.188
Italy,ITA,2021,24342.934
Italy,ITA,2022,24619.516
Italy,ITA,2023,22750.148
Italy,ITA,2024,22410.906
Japan,JPN,1965,15922.428
Japan,JPN,1966,18084.406
Japan,JPN,1967,20663.426
Japan,JPN,1968,22536.37
Japan,JPN,1969,26260.51
Japan,JPN,1970,29819.797
Japan,JPN,1971,30655.98
Japan,JPN,1972,32550.77
Japan,JPN,1973,36013.37
Japan,JPN,1974,34547.027
Japan,JPN,1975,33630.742
Japan,JPN,1976,34579.086
Japan,JPN,1977,34416.547
Japan,JPN,1978,34309.395
Japan,JPN,1979,34181.355
Japan,JPN,1980,32106.02
Japan,JPN,1981,31252.635
Japan,JPN,1982,29607.746
Japan,JPN,1983,30115.049
Japan,JPN,1984,31068.355
Japan,JPN,1985,30978.64
Japan,JPN,1986,30677.719
Japan,JPN,1987,31711.959
Japan,JPN,1988,33609.28
Japan,JPN,1989,34226.805
Japan,JPN,1990,35167.387
Japan,JPN,1991,35964.074
Japan,JPN,1992,36472.086
Japan,JPN,1993,36078.27
Japan,JPN,1994,37936.82
Japan,JPN,1995,38355.324
Japan,JPN,1996,38994.496
Japan,JPN,1997,39033.867
Japan,JPN,1998,38012.902
Japan,JPN,1999,38989.37
Japan,JPN,2000,39727.203
Japan,JPN,2001,39214.54
Japan,JPN,2002,39177.137
Japan,JPN,2003,40679.637
Japan,JPN,2004,40123.9
Japan,JPN,2005,41033.484
Japan,JPN,2006,40418.582
Japan,JPN,2007,40783.887
Japan,JPN,2008,40464.586
Japan,JPN,2009,35941.664
Japan,JPN,2010,37963.977
Japan,JPN,2011,38371.953
Japan,JPN,2012,41054.68
Japan,JPN,2013,40693.926
Japan,JPN,2014,39659.36
Japan,JPN,2015,38659.58
Japan,JPN,2016,37973.938
Japan,JPN,2017,38007.99
Japan,JPN,2018,37124.453
Japan,JPN,2019,35961.363
Japan,JPN,2020,33170.184
Japan,JPN,2021,34280.5
Japan,JPN,2022,34291.55
Japan,JPN,2023,32635.295
Japan,JPN,2024,31925.525
Kazakhstan,KAZ,1985,48694.145
Kazakhstan,KAZ,1986,49199.152
Kazakhstan,KAZ,1987,49350.16
Kazakhstan,KAZ,1988,50192.195
Kazakhstan,KAZ,1989,48693.57
Kazakhstan,KAZ,1990,48830.668
Kazakhstan,KAZ,1991,48367.17
Kazakhstan,KAZ,1992,47647.49
Kazakhstan,KAZ,1993,41930.523
Kazakhstan,KAZ,1994,37444.785
Kazakhstan,KAZ,1995,34299.883
Kazakhstan,KAZ,1996,30413.78
Kazakhstan,KAZ,1997,27395.203
Kazakhstan,KAZ,1998,26495.326
Kazakhstan,KAZ,1999,25157.328
Kazakhstan,KAZ,2000,22416.344
Kazakhstan,KAZ,2001,25196.605
Kazakhstan,KAZ,2002,25420.236
Kazakhstan,KAZ,2003,27920.746
Kazakhstan,KAZ,2004,29489.045
Kazakhstan,KAZ,2005,30193.316
Kazakhstan,KAZ,2006,32370.611
Kazakhstan,KAZ,2007,35663.08
Kazakhstan,KAZ,2008,37407.17
Kazakhstan,KAZ,2009,33080.6
Kazakhstan,KAZ,2010,34978.69
Kazakhstan,KAZ,2011,39392.242
Kazakhstan,KAZ,2012,40962.695
Kazakhstan,KAZ,2013,40470.555
Kazakhstan,KAZ,2014,41910.35
Kazakhstan,KAZ,2015,33757.008
Kazakhstan,KAZ,2016,36988.316
Kazakhstan,KAZ,2017,39348.992
Kazakhstan,KAZ,2018,40160.285
Kazakhstan,KAZ,2019,40056
Kazakhstan,KAZ,2020,36166.273
Kazakhstan,KAZ,2021,39975.895
Kazakhstan,KAZ,2022,39164.04
Kazakhstan,KAZ,2023,39777.45
Kazakhstan,KAZ,2024,39597.72
Kuwait,KWT,1965,152004.22
Kuwait,KWT,1966,144746.55
Kuwait,KWT,1967,134306.47
Kuwait,KWT,1968,129087.234
Kuwait,KWT,1969,121336.45
Kuwait,KWT,1970,90725.37
Kuwait,KWT,1971,84566.6
Kuwait,KWT,1972,87963.91
Kuwait,KWT,1973,82506.945
Kuwait,KWT,1974,74542.086
Kuwait,KWT,1975,62457.027
Kuwait,KWT,1976,69820.37
Kuwait,KWT,1977,66881.82
Kuwait,KWT,1978,68948.34
Kuwait,KWT,1979,79188.91
Kuwait,KWT,1980,56302.957
Kuwait,KWT,1981,68654.06
Kuwait,KWT,1982,64314.7
Kuwait,KWT,1983,67668.03
Kuwait,KWT,1984,69084.83
Kuwait,KWT,1985,63642.477
Kuwait,KWT,1986,69985.805
Kuwait,KWT,1987,62111.92
Kuwait,KWT,1988,67453.555
Kuwait,KWT,1989,69922.16
Kuwait,KWT,1990,54303.703
Kuwait,KWT,1991,34128.01
Kuwait,KWT,1992,49955.27
Kuwait,KWT,1993,59906.36
Kuwait,KWT,1994,70257.48
Kuwait,KWT,1995,89532.055
Kuwait,KWT,1996,86126.09
Kuwait,KWT,1997,86732.64
Kuwait,KWT,1998,103553.04
Kuwait,KWT,1999,104348.15
Kuwait,KWT,2000,111608.14
Kuwait,KWT,2001,109465.54
Kuwait,KWT,2002,113044.555
Kuwait,KWT,2003,131814.36
Kuwait,KWT,2004,143647.45
Kuwait,KWT,2005,152611.67
Kuwait,KWT,2006,138972.2
Kuwait,KWT,2007,127463.48
Kuwait,KWT,2008,130233.766
Kuwait,KWT,2009,125259.4
Kuwait,KWT,2010,137603.56
Kuwait,KWT,2011,130844.33
Kuwait,KWT,2012,126699.71
Kuwait,KWT,2013,127883.72
Kuwait,KWT,2014,119272.6
Kuwait,KWT,2015,122221.68
Kuwait,KWT,2016,116340.38
Kuwait,KWT,2017,112366.95
Kuwait,KWT,2018,111541.24
Kuwait,KWT,2019,99655.984
Kuwait,KWT,2020,95340.516
Kuwait,KWT,2021,107454.19
Kuwait,KWT,2022,102010.77
Kuwait,KWT,2023,102997.75
Kuwait,KWT,2024,106313.21
Latvia,LVA,1985,37794.406
Latvia,LVA,1986,34577.996
Latvia,LVA,1987,30154.525
Latvia,LVA,1988,28724.129
Latvia,LVA,1989,27909.115
Latvia,LVA,1990,27560.988
Latvia,LVA,1991,26423.336
Latvia,LVA,1992,19063.576
Latvia,LVA,1993,15977.67
Latvia,LVA,1994,15127.6875
Latvia,LVA,1995,14546.826
Latvia,LVA,1996,14744.811
Latvia,LVA,1997,13681.894
Latvia,LVA,1998,13689.714
Latvia,LVA,1999,12851.741
Latvia,LVA,2000,12542.685
Latvia,LVA,2001,13952.343
Latvia,LVA,2002,14734.491
Latvia,LVA,2003,14872.949
Latvia,LVA,2004,16210.075
Latvia,LVA,2005,16763.92
Latvia,LVA,2006,16653.008
Latvia,LVA,2007,17390.873
Latvia,LVA,2008,17236.67
Latvia,LVA,2009,15912.629
Latvia,LVA,2010,18843.672
Latvia,LVA,2011,17383.6
Latvia,LVA,2012,17042.904
Latvia,LVA,2013,17123.58
Latvia,LVA,2014,16510.145
Latvia,LVA,2015,17163.775
Latvia,LVA,2016,17901.568
Latvia,LVA,2017,17577.508
Latvia,LVA,2018,17527.598
Latvia,LVA,2019,18762.727
Latvia,LVA,2020,16088.9795
Latvia,LVA,2021,17125
Latvia,LVA,2022,14821.185
Latvia,LVA,2023,14510.259
Latvia,LVA,2024,14342.817
Lithuania,LTU,1985,42845.227
Lithuania,LTU,1986,38275.105
Lithuania,LTU,1987,40673.594
Lithuania,LTU,1988,39706.69
Lithuania,LTU,1989,40633.14
Lithuania,LTU,1990,39650.72
Lithuania,LTU,1991,42503.055
Lithuania,LTU,1992,24042.82
Lithuania,LTU,1993,18332.168
Lithuania,LTU,1994,18030.246
Lithuania,LTU,1995,17844.078
Lithuania,LTU,1996,18828.234
Lithuania,LTU,1997,18314.188
Lithuania,LTU,1998,19208.453
Lithuania,LTU,1999,16738.117
Lithuania,LTU,2000,15314.283
Lithuania,LTU,2001,16514.537
Lithuania,LTU,2002,16643.885
Lithuania,LTU,2003,17033.48
Lithuania,LTU,2004,17876.232
Lithuania,LTU,2005,19437.664
Lithuania,LTU,2006,19759.744
Lithuania,LTU,2007,21703.596
Lithuania,LTU,2008,21484.146
Lithuania,LTU,2009,18460.195
Lithuania,LTU,2010,20366.06
Lithuania,LTU,2011,21474.453
Lithuania,LTU,2012,21613.164
Lithuania,LTU,2013,19747.482
Lithuania,LTU,2014,19155.162
Lithuania,LTU,2015,20158.504
Lithuania,LTU,2016,20643.973
Lithuania,LTU,2017,21664.525
Lithuania,LTU,2018,22812.98
Lithuania,LTU,2019,22510.846
Lithuania,LTU,2020,22176.492
Lithuania,LTU,2021,21979.531
Lithuania,LTU,2022,19655.875
Lithuania,LTU,2023,19347.47
Lithuania,LTU,2024,19425.875
Lower-middle-income countries,OWID_LMC,1965,899.47253
Lower-middle-income countries,OWID_LMC,1966,937.61426
Lower-middle-income countries,OWID_LMC,1967,949.58594
Lower-middle-income countries,OWID_LMC,1968,993.9454
Lower-middle-income countries,OWID_LMC,1969,1038.2283
Lower-middle-income countries,OWID_LMC,1970,1018.9648
Lower-middle-income countries,OWID_LMC,1971,1022.0307
Lower-middle-income countries,OWID_LMC,1972,1047.9902
Lower-middle-income countries,OWID_LMC,1973,1053.2487
Lower-middle-income countries,OWID_LMC,1974,1066.4977
Lower-middle-income countries,OWID_LMC,1975,1108.0352
Lower-middle-income countries,OWID_LMC,1976,1116.715
Lower-middle-income countries,OWID_LMC,1977,1159.4998
Lower-middle-income countries,OWID_LMC,1978,1155.5168
Lower-middle-income countries,OWID_LMC,1979,1212.3207
Lower-middle-income countries,OWID_LMC,1980,1235.844
Lower-middle-income countries,OWID_LMC,1981,1316.697
Lower-middle-income countries,OWID_LMC,1982,1331.4901
Lower-middle-income countries,OWID_LMC,1983,1375.2404
Lower-middle-income countries,OWID_LMC,1984,1406.3385
Lower-middle-income countries,OWID_LMC,1985,1739.4956
Lower-middle-income countries,OWID_LMC,1986,1785.5417
Lower-middle-income countries,OWID_LMC,1987,1868.2462
Lower-middle-income countries,OWID_LMC,1988,1934.1942
Lower-middle-income countries,OWID_LMC,1989,2026.9943
Lower-middle-income countries,OWID_LMC,1990,2095.156
Lower-middle-income countries,OWID_LMC,1991,2114.0908
Lower-middle-income countries,OWID_LMC,1992,2152.6477
Lower-middle-income countries,OWID_LMC,1993,2185.2083
Lower-middle-income countries,OWID_LMC,1994,2228.4246
Lower-middle-income countries,OWID_LMC,1995,2349.1548
Lower-middle-income countries,OWID_LMC,1996,2418.192
Lower-middle-income countries,OWID_LMC,1997,2488.1443
Lower-middle-income countries,OWID_LMC,1998,2539.4866
Lower-middle-income countries,OWID_LMC,1999,2594.0776
Lower-middle-income countries,OWID_LMC,2000,2674.3877
Lower-middle-income countries,OWID_LMC,2001,2664.8813
Lower-middle-income countries,OWID_LMC,2002,2713.39
Lower-middle-income countries,OWID_LMC,2003,2742.3613
Lower-middle-income countries,OWID_LMC,2004,2881.634
Lower-middle-income countries,OWID_LMC,2005,2989.7854
Lower-middle-income countries,OWID_LMC,2006,3019.2183
Lower-middle-income countries,OWID_LMC,2007,3185.6357
Lower-middle-income countries,OWID_LMC,2008,3318.3127
Lower-middle-income countries,OWID_LMC,2009,3459.864
Lower-middle-income countries,OWID_LMC,2010,3545.0427
Lower-middle-income countries,OWID_LMC,2011,3629.351
Lower-middle-income countries,OWID_LMC,2012,3740.3535
Lower-middle-income countries,OWID_LMC,2013,3766.6821
Lower-middle-income countries,OWID_LMC,2014,3916.2239
Lower-middle-income countries,OWID_LMC,2015,4033.8223
Lower-middle-income countries,OWID_LMC,2016,4166.9014
Lower-middle-income countries,OWID_LMC,2017,4264.635
Lower-middle-income countries,OWID_LMC,2018,4414.6455
Lower-middle-income countries,OWID_LMC,2019,4465.5146
Lower-middle-income countries,OWID_LMC,2020,4159.7266
Lower-middle-income countries,OWID_LMC,2021,4415.7905
Lower-middle-income countries,OWID_LMC,2022,4489.0195
Lower-middle-income countries,OWID_LMC,2023,4692.1655
Lower-middle-income countries,OWID_LMC,2024,4842.339
Luxembourg,LUX,1965,126015.78
Luxembourg,LUX,1966,119570.94
Luxembourg,LUX,1967,116808.164
Luxembourg,LUX,1968,125821.664
Luxembourg,LUX,1969,135067.12
Luxembourg,LUX,1970,139761.64
Luxembourg,LUX,1971,133642.27
Luxembourg,LUX,1972,136107.58
Luxembourg,LUX,1973,143083.98
Luxembourg,LUX,1974,144188.16
Luxembourg,LUX,1975,118988.8
Luxembourg,LUX,1976,118642.78
Luxembourg,LUX,1977,109554.26
Luxembourg,LUX,1978,113138.98
Luxembourg,LUX,1979,115657.4
Luxembourg,LUX,1980,106288.53
Luxembourg,LUX,1981,90517.76
Luxembourg,LUX,1982,84700.38
Luxembourg,LUX,1983,79048.65
Luxembourg,LUX,1984,85075.17
Luxembourg,LUX,1985,87340.8
Luxembourg,LUX,1986,84838.54
Luxembourg,LUX,1987,79466.35
Luxembourg,LUX,1988,80865.2
Luxembourg,LUX,1989,92344.016
Luxembourg,LUX,1990,96682.39
Luxembourg,LUX,1991,102465.84
Luxembourg,LUX,1992,101533.445
Luxembourg,LUX,1993,101517.516
Luxembourg,LUX,1994,96145.4
Luxembourg,LUX,1995,82334.92
Luxembourg,LUX,1996,83794.85
Luxembourg,LUX,1997,80794.02
Luxembourg,LUX,1998,76765.445
Luxembourg,LUX,1999,80237.7
Luxembourg,LUX,2000,84133.984
Luxembourg,LUX,2001,89116.27
Luxembourg,LUX,2002,96626.266
Luxembourg,LUX,2003,100221.55
Luxembourg,LUX,2004,111724.66
Luxembourg,LUX,2005,111608.62
Luxembourg,LUX,2006,107658.945
Luxembourg,LUX,2007,101698.305
Luxembourg,LUX,2008,99049.22
Luxembourg,LUX,2009,93017.67
Luxembourg,LUX,2010,96296.8
Luxembourg,LUX,2011,91738.484
Luxembourg,LUX,2012,87618.2
Luxembourg,LUX,2013,81012.72
Luxembourg,LUX,2014,76119.555
Luxembourg,LUX,2015,71759.03
Luxembourg,LUX,2016,68810.83
Luxembourg,LUX,2017,69378.55
Luxembourg,LUX,2018,70900.445
Luxembourg,LUX,2019,70213.81
Luxembourg,LUX,2020,57301.723
Luxembourg,LUX,2021,60626.293
Luxembourg,LUX,2022,52698.047
Luxembourg,LUX,2023,49338.22
Luxembourg,LUX,2024,50372.996
Malaysia,MYS,1965,3461.707
Malaysia,MYS,1966,3901.7188
Malaysia,MYS,1967,4097.8037
Malaysia,MYS,1968,4125.8755
Malaysia,MYS,1969,4386.605
Malaysia,MYS,1970,3999.3635
Malaysia,MYS,1971,4446.622
Malaysia,MYS,1972,4838.4907
Malaysia,MYS,1973,5006.6357
Malaysia,MYS,1974,4986.5273
Malaysia,MYS,1975,5029.8804
Malaysia,MYS,1976,5527.3325
Malaysia,MYS,1977,6395.639
Malaysia,MYS,1978,8350.585
Malaysia,MYS,1979,9356.939
Malaysia,MYS,1980,9458.031
Malaysia,MYS,1981,9451.981
Malaysia,MYS,1982,9840.051
Malaysia,MYS,1983,10934.609
Malaysia,MYS,1984,11092.244
Malaysia,MYS,1985,10569.503
Malaysia,MYS,1986,11228.493
Malaysia,MYS,1987,11080.862
Malaysia,MYS,1988,11204.682
Malaysia,MYS,1989,12353.346
Malaysia,MYS,1990,12877.158
Malaysia,MYS,1991,15775.043
Malaysia,MYS,1992,17445.744
Malaysia,MYS,1993,17023.367
Malaysia,MYS,1994,17424.584
Malaysia,MYS,1995,18712.803
Malaysia,MYS,1996,20617.686
Malaysia,MYS,1997,23583.697
Malaysia,MYS,1998,22060.83
Malaysia,MYS,1999,22648.336
Malaysia,MYS,2000,25679.723
Malaysia,MYS,2001,25810.797
Malaysia,MYS,2002,26685.66
Malaysia,MYS,2003,28332.541
Malaysia,MYS,2004,29894.094
Malaysia,MYS,2005,31635.334
Malaysia,MYS,2006,31234.389
Malaysia,MYS,2007,32661.977
Malaysia,MYS,2008,32993.69
Malaysia,MYS,2009,31342.346
Malaysia,MYS,2010,31876.584
Malaysia,MYS,2011,31686.371
Malaysia,MYS,2012,34021.145
Malaysia,MYS,2013,34824.22
Malaysia,MYS,2014,34370.203
Malaysia,MYS,2015,34240.42
Malaysia,MYS,2016,34945.957
Malaysia,MYS,2017,34285.242
Malaysia,MYS,2018,34317.71
Malaysia,MYS,2019,34605.92
Malaysia,MYS,2020,32654.906
Malaysia,MYS,2021,33570.31
Malaysia,MYS,2022,35864.33
Malaysia,MYS,2023,34511.805
Malaysia,MYS,2024,35498.598
Mexico,MEX,1965,6186.9287
Mexico,MEX,1966,6288.818
Mexico,MEX,1967,6155.967
Mexico,MEX,1968,6448.3594
Mexico,MEX,1969,6881.2505
Mexico,MEX,1970,7077.8813
Mexico,MEX,1971,7283.366
Mexico,MEX,1972,7841.0713
Mexico,MEX,1973,8220.34
Mexico,MEX,1974,8844.39
Mexico,MEX,1975,9311.587
Mexico,MEX,1976,9583.83
Mexico,MEX,1977,9794.358
Mexico,MEX,1978,10985.774
Mexico,MEX,1979,11818.939
Mexico,MEX,1980,12685.295
Mexico,MEX,1981,13449.306
Mexico,MEX,1982,13812.379
Mexico,MEX,1983,13442.87
Mexico,MEX,1984,13699.291
Mexico,MEX,1985,13934.341
Mexico,MEX,1986,13423.762
Mexico,MEX,1987,13659.877
Mexico,MEX,1988,13397.859
Mexico,MEX,1989,13791.698
Mexico,MEX,1990,14776.624
Mexico,MEX,1991,14947.677
Mexico,MEX,1992,14822.834
Mexico,MEX,1993,14533.272
Mexico,MEX,1994,15402.097
Mexico,MEX,1995,14475.402
Mexico,MEX,1996,14538.534
Mexico,MEX,1997,14764.57
Mexico,MEX,1998,15249.835
Mexico,MEX,1999,14979.762
Mexico,MEX,2000,15775.4
Mexico,MEX,2001,15517.31
Mexico,MEX,2002,15785.697
Mexico,MEX,2003,15873.39
Mexico,MEX,2004,16520.031
Mexico,MEX,2005,17836.893
Mexico,MEX,2006,17819.184
Mexico,MEX,2007,17821.568
Mexico,MEX,2008,18061.324
Mexico,MEX,2009,17777.139
Mexico,MEX,2010,17424.852
Mexico,MEX,2011,17940.777
Mexico,MEX,2012,17972.105
Mexico,MEX,2013,17755.816
Mexico,MEX,2014,17180.176
Mexico,MEX,2015,16876.566
Mexico,MEX,2016,17303.664
Mexico,MEX,2017,17537.902
Mexico,MEX,2018,16864.025
Mexico,MEX,2019,16516.094
Mexico,MEX,2020,14641.501
Mexico,MEX,2021,15282.755
Mexico,MEX,2022,15935.342
Mexico,MEX,2023,15988.774
Mexico,MEX,2024,15907.243
Morocco,MAR,1965,1070.6206
Morocco,MAR,1966,1490.6526
Morocco,MAR,1967,1566.6919
Morocco,MAR,1968,1625.5908
Morocco,MAR,1969,1694.2734
Morocco,MAR,1970,1744.6091
Morocco,MAR,1971,1789.4596
Morocco,MAR,1972,1894.5829
Morocco,MAR,1973,2157.961
Morocco,MAR,1974,2239.6013
Morocco,MAR,1975,2280.118
Morocco,MAR,1976,2429.028
Morocco,MAR,1977,2617.5327
Morocco,MAR,1978,2714.137
Morocco,MAR,1979,2950.31
Morocco,MAR,1980,2892.9004
Morocco,MAR,1981,2798.1567
Morocco,MAR,1982,2878.029
Morocco,MAR,1983,2893.9607
Morocco,MAR,1984,2876.8323
Morocco,MAR,1985,2888.0261
Morocco,MAR,1986,2904.0474
Morocco,MAR,1987,2911.6167
Morocco,MAR,1988,3009.2556
Morocco,MAR,1989,3234.2407
Morocco,MAR,1990,3247.0325
Morocco,MAR,1991,3233.1338
Morocco,MAR,1992,3606.5005
Morocco,MAR,1993,3648.5442
Morocco,MAR,1994,3921.82
Morocco,MAR,1995,3812.3972
Morocco,MAR,1996,3779.7046
Morocco,MAR,1997,3865.5447
Morocco,MAR,1998,3944.6296
Morocco,MAR,1999,4140.7114
Morocco,MAR,2000,4051.2695
Morocco,MAR,2001,4295.3013
Morocco,MAR,2002,4351.9224
Morocco,MAR,2003,4250.07
Morocco,MAR,2004,4787.6304
Morocco,MAR,2005,5203.8936
Morocco,MAR,2006,5243.464
Morocco,MAR,2007,5126.869
Morocco,MAR,2008,5591.179
Morocco,MAR,2009,5230.1147
Morocco,MAR,2010,5651.9653
Morocco,MAR,2011,5994.833
Morocco,MAR,2012,6054.619
Morocco,MAR,2013,6010.42
Morocco,MAR,2014,6062.8115
Morocco,MAR,2015,6038.633
Morocco,MAR,2016,6020.435
Morocco,MAR,2017,6247.91
Morocco,MAR,2018,6268.407
Morocco,MAR,2019,6737.106
Morocco,MAR,2020,6124.899
Morocco,MAR,2021,6727.559
Morocco,MAR,2022,6646.639
Morocco,MAR,2023,6582.34
Morocco,MAR,2024,6592.4404
Netherlands,NLD,1965,33652.184
Netherlands,NLD,1966,35571.836
Netherlands,NLD,1967,37183.23
Netherlands,NLD,1968,41152.17
Netherlands,NLD,1969,45295.883
Netherlands,NLD,1970,50471.145
Netherlands,NLD,1971,52589.64
Netherlands,NLD,1972,60498.125
Netherlands,NLD,1973,63665.39
Netherlands,NLD,1974,59489.555
Netherlands,NLD,1975,59270.254
Netherlands,NLD,1976,64094.863
Netherlands,NLD,1977,62588.805
Netherlands,NLD,1978,63336.64
Netherlands,NLD,1979,65155.188
Netherlands,NLD,1980,60511.74
Netherlands,NLD,1981,57019.875
Netherlands,NLD,1982,52498.766
Netherlands,NLD,1983,52590.883
Netherlands,NLD,1984,54400.543
Netherlands,NLD,1985,55737.703
Netherlands,NLD,1986,58106.92
Netherlands,NLD,1987,59021.89
Netherlands,NLD,1988,58763.574
Netherlands,NLD,1989,58574.977
Netherlands,NLD,1990,59759.754
Netherlands,NLD,1991,60418.984
Netherlands,NLD,1992,60558.664
Netherlands,NLD,1993,60574.164
Netherlands,NLD,1994,59511.04
Netherlands,NLD,1995,61619.76
Netherlands,NLD,1996,63911.06
Netherlands,NLD,1997,62686.902
Netherlands,NLD,1998,62413.316
Netherlands,NLD,1999,61167.168
Netherlands,NLD,2000,61422.992
Netherlands,NLD,2001,63278.926
Netherlands,NLD,2002,62787.695
Netherlands,NLD,2003,62909.95
Netherlands,NLD,2004,64643.773
Netherlands,NLD,2005,65478.22
Netherlands,NLD,2006,63955.844
Netherlands,NLD,2007,64686.36
Netherlands,NLD,2008,63339.695
Netherlands,NLD,2009,61788.19
Netherlands,NLD,2010,66981.55
Netherlands,NLD,2011,63099.336
Netherlands,NLD,2012,61712.523
Netherlands,NLD,2013,59854.715
Netherlands,NLD,2014,56794.082
Netherlands,NLD,2015,56869.227
Netherlands,NLD,2016,57472.453
Netherlands,NLD,2017,57215.715
Netherlands,NLD,2018,55007.676
Netherlands,NLD,2019,53611.926
Netherlands,NLD,2020,49829.293
Netherlands,NLD,2021,49870.32
Netherlands,NLD,2022,44720.418
Netherlands,NLD,2023,42380.13
Netherlands,NLD,2024,40738.4
New Zealand,NZL,1965,19634.994
New Zealand,NZL,1966,20406.215
New Zealand,NZL,1967,20174.377
New Zealand,NZL,1968,19962.527
New Zealand,NZL,1969,20436.516
New Zealand,NZL,1970,22936.205
New Zealand,NZL,1971,22556.941
New Zealand,NZL,1972,23819.207
New Zealand,NZL,1973,25112.033
New Zealand,NZL,1974,24200.688
New Zealand,NZL,1975,22986.283
New Zealand,NZL,1976,25250.56
New Zealand,NZL,1977,26806.973
New Zealand,NZL,1978,25461.465
New Zealand,NZL,1979,23528.666
New Zealand,NZL,1980,22624.53
New Zealand,NZL,1981,22384.29
New Zealand,NZL,1982,24858.836
New Zealand,NZL,1983,24951.697
New Zealand,NZL,1984,26667.008
New Zealand,NZL,1985,27587.643
New Zealand,NZL,1986,28912.049
New Zealand,NZL,1987,29466.295
New Zealand,NZL,1988,30498.832
New Zealand,NZL,1989,31478.771
New Zealand,NZL,1990,32146.414
New Zealand,NZL,1991,32557.014
New Zealand,NZL,1992,33725.375
New Zealand,NZL,1993,32835.496
New Zealand,NZL,1994,33610.344
New Zealand,NZL,1995,33906.97
New Zealand,NZL,1996,35362.414
New Zealand,NZL,1997,37140.516
New Zealand,NZL,1998,35005.574
New Zealand,NZL,1999,36937.645
New Zealand,NZL,2000,37856.71
New Zealand,NZL,2001,39355.945
New Zealand,NZL,2002,38617.85
New Zealand,NZL,2003,37238.49
New Zealand,NZL,2004,35624.625
New Zealand,NZL,2005,36141.023
New Zealand,NZL,2006,35860.31
New Zealand,NZL,2007,35055.344
New Zealand,NZL,2008,35370.438
New Zealand,NZL,2009,33078.438
New Zealand,NZL,2010,33096.79
New Zealand,NZL,2011,32531.701
New Zealand,NZL,2012,33985.68
New Zealand,NZL,2013,33898.47
New Zealand,NZL,2014,34604.29
New Zealand,NZL,2015,33814.562
New Zealand,NZL,2016,33155.945
New Zealand,NZL,2017,33994.836
New Zealand,NZL,2018,32672.32
New Zealand,NZL,2019,33375.06
New Zealand,NZL,2020,28750.416
New Zealand,NZL,2021,27668.504
New Zealand,NZL,2022,25802.744
New Zealand,NZL,2023,26793.736
New Zealand,NZL,2024,25851.338
North America,OWID_NAM,1965,51799.062
North America,OWID_NAM,1966,53768.812
North America,OWID_NAM,1967,54546.504
North America,OWID_NAM,1968,56982.824
North America,OWID_NAM,1969,58820.35
North America,OWID_NAM,1970,60211.3
North America,OWID_NAM,1971,60226.203
North America,OWID_NAM,1972,62305.2
North America,OWID_NAM,1973,64103.684
North America,OWID_NAM,1974,61424.418
North America,OWID_NAM,1975,58634.15
North America,OWID_NAM,1976,61058.332
North America,OWID_NAM,1977,62076.09
North America,OWID_NAM,1978,62038.34
North America,OWID_NAM,1979,62277.68
North America,OWID_NAM,1980,59515.227
North America,OWID_NAM,1981,57069.312
North America,OWID_NAM,1982,53611.348
North America,OWID_NAM,1983,52215.31
North America,OWID_NAM,1984,54182.863
North America,OWID_NAM,1985,53311.297
North America,OWID_NAM,1986,52698.062
North America,OWID_NAM,1987,53934.914
North America,OWID_NAM,1988,55552.91
North America,OWID_NAM,1989,56074.395
North America,OWID_NAM,1990,54864.363
North America,OWID_NAM,1991,53719.77
North America,OWID_NAM,1992,54059.18
North America,OWID_NAM,1993,54321.586
North America,OWID_NAM,1994,54914.617
North America,OWID_NAM,1995,54923.49
North America,OWID_NAM,1996,55996.51
North America,OWID_NAM,1997,56249.383
North America,OWID_NAM,1998,56131
North America,OWID_NAM,1999,56213.25
North America,OWID_NAM,2000,57377.055
North America,OWID_NAM,2001,55839.48
North America,OWID_NAM,2002,55899.535
North America,OWID_NAM,2003,55738.53
North America,OWID_NAM,2004,56272.125
North America,OWID_NAM,2005,55973.25
North America,OWID_NAM,2006,54660.707
North America,OWID_NAM,2007,55250.31
North America,OWID_NAM,2008,53047
North America,OWID_NAM,2009,49574.86
North America,OWID_NAM,2010,50630.61
North America,OWID_NAM,2011,49588.4
North America,OWID_NAM,2012,48051.64
North America,OWID_NAM,2013,48574.746
North America,OWID_NAM,2014,48437.562
North America,OWID_NAM,2015,47522.7
North America,OWID_NAM,2016,46666.195
North America,OWID_NAM,2017,46193.176
North America,OWID_NAM,2018,47334.074
North America,OWID_NAM,2019,46457.31
North America,OWID_NAM,2020,41824.566
North America,OWID_NAM,2021,43990.402
North America,OWID_NAM,2022,44567.44
North America,OWID_NAM,2023,43740.25
North America,OWID_NAM,2024,43599.81
North Macedonia,MKD,1990,13668.568
North Macedonia,MKD,1991,13103.051
North Macedonia,MKD,1992,13642.904
North Macedonia,MKD,1993,14318.897
North Macedonia,MKD,1994,13241.892
North Macedonia,MKD,1995,13150.953
North Macedonia,MKD,1996,15287.486
North Macedonia,MKD,1997,13502.2295
North Macedonia,MKD,1998,15077.516
North Macedonia,MKD,1999,13864.983
North Macedonia,MKD,2000,13312.91
North Macedonia,MKD,2001,13156.613
North Macedonia,MKD,2002,12606.49
North Macedonia,MKD,2003,13447.972
North Macedonia,MKD,2004,13086.704
North Macedonia,MKD,2005,13547.578
North Macedonia,MKD,2006,13636.205
North Macedonia,MKD,2007,14420.061
North Macedonia,MKD,2008,14207.345
North Macedonia,MKD,2009,13379.888
North Macedonia,MKD,2010,13232.214
North Macedonia,MKD,2011,14619.856
North Macedonia,MKD,2012,14053.116
North Macedonia,MKD,2013,12799.0625
North Macedonia,MKD,2014,12243.152
North Macedonia,MKD,2015,12118.612
North Macedonia,MKD,2016,12766.969
North Macedonia,MKD,2017,13372.875
North Macedonia,MKD,2018,13124.488
North Macedonia,MKD,2019,14482.995
North Macedonia,MKD,2020,12713.432
North Macedonia,MKD,2021,13301.645
North Macedonia,MKD,2022,14409.359
North Macedonia,MKD,2023,14608.758
North Macedonia,MKD,2024,13489.954
Norway,NOR,1965,18584.67
Norway,NOR,1966,20320.412
Norway,NOR,1967,20895.682
Norway,NOR,1968,22835.17
Norway,NOR,1969,24932.023
Norway,NOR,1970,27601.121
Norway,NOR,1971,26993.46
Norway,NOR,1972,28147.592
Norway,NOR,1973,28550.744
Norway,NOR,1974,26360.746
Norway,NOR,1975,26884.195
Norway,NOR,1976,29193.34
Norway,NOR,1977,29284.283
Norway,NOR,1978,32819.414
Norway,NOR,1979,33377.562
Norway,NOR,1980,32225.113
Norway,NOR,1981,30651.781
Norway,NOR,1982,29639.488
Norway,NOR,1983,29611.41
Norway,NOR,1984,30691.697
Norway,NOR,1985,31953.494
Norway,NOR,1986,33665.97
Norway,NOR,1987,33654.777
Norway,NOR,1988,32812.17
Norway,NOR,1989,33118.176
Norway,NOR,1990,31597.387
Norway,NOR,1991,30569.336
Norway,NOR,1992,30911.297
Norway,NOR,1993,31822.643
Norway,NOR,1994,33290.19
Norway,NOR,1995,34195.305
Norway,NOR,1996,36315.723
Norway,NOR,1997,37365.53
Norway,NOR,1998,37634.56
Norway,NOR,1999,37099.598
Norway,NOR,2000,36273.33
Norway,NOR,2001,36413.1
Norway,NOR,2002,36313.13
Norway,NOR,2003,37751.21
Norway,NOR,2004,37271.3
Norway,NOR,2005,36208.46
Norway,NOR,2006,36145.258
Norway,NOR,2007,36249.348
Norway,NOR,2008,34483.285
Norway,NOR,2009,33032.664
Norway,NOR,2010,34562.453
Norway,NOR,2011,33563.81
Norway,NOR,2012,32975.586
Norway,NOR,2013,32694.137
Norway,NOR,2014,32430.639
Norway,NOR,2015,32804.98
Norway,NOR,2016,31555.635
Norway,NOR,2017,31638.008
Norway,NOR,2018,31738.645
Norway,NOR,2019,30777.918
Norway,NOR,2020,28751.686
Norway,NOR,2021,28929.975
Norway,NOR,2022,28481.016
Norway,NOR,2023,27949.395
Norway,NOR,2024,26917.912
Oceania,OWID_OCE,1965,25761.375
Oceania,OWID_OCE,1966,26588.168
Oceania,OWID_OCE,1967,27526.385
Oceania,OWID_OCE,1968,28509.082
Oceania,OWID_OCE,1969,29040.76
Oceania,OWID_OCE,1970,30979.652
Oceania,OWID_OCE,1971,31374.15
Oceania,OWID_OCE,1972,32232.246
Oceania,OWID_OCE,1973,33870.83
Oceania,OWID_OCE,1974,35005.508
Oceania,OWID_OCE,1975,34767.062
Oceania,OWID_OCE,1976,35922.613
Oceania,OWID_OCE,1977,37474.176
Oceania,OWID_OCE,1978,37819.816
Oceania,OWID_OCE,1979,38481.457
Oceania,OWID_OCE,1980,38091.97
Oceania,OWID_OCE,1981,38023.434
Oceania,OWID_OCE,1982,37554.375
Oceania,OWID_OCE,1983,36762.566
Oceania,OWID_OCE,1984,37582.15
Oceania,OWID_OCE,1985,38089.746
Oceania,OWID_OCE,1986,38343.895
Oceania,OWID_OCE,1987,38873.367
Oceania,OWID_OCE,1988,39979.598
Oceania,OWID_OCE,1989,41320.926
Oceania,OWID_OCE,1990,41514.047
Oceania,OWID_OCE,1991,40587.773
Oceania,OWID_OCE,1992,40734.04
Oceania,OWID_OCE,1993,40886.695
Oceania,OWID_OCE,1994,41899.883
Oceania,OWID_OCE,1995,42375.105
Oceania,OWID_OCE,1996,43041.906
Oceania,OWID_OCE,1997,43621.43
Oceania,OWID_OCE,1998,43702.27
Oceania,OWID_OCE,1999,44916.09
Oceania,OWID_OCE,2000,44628.293
Oceania,OWID_OCE,2001,44513.566
Oceania,OWID_OCE,2002,44539.88
Oceania,OWID_OCE,2003,44263.215
Oceania,OWID_OCE,2004,44682.305
Oceania,OWID_OCE,2005,44143.89
Oceania,OWID_OCE,2006,45122.2
Oceania,OWID_OCE,2007,45305.965
Oceania,OWID_OCE,2008,45307.418
Oceania,OWID_OCE,2009,43525.324
Oceania,OWID_OCE,2010,42617.117
Oceania,OWID_OCE,2011,42557.79
Oceania,OWID_OCE,2012,41469.457
Oceania,OWID_OCE,2013,40915.156
Oceania,OWID_OCE,2014,40820.633
Oceania,OWID_OCE,2015,40801.684
Oceania,OWID_OCE,2016,39860.297
Oceania,OWID_OCE,2017,39386.33
Oceania,OWID_OCE,2018,38572.98
Oceania,OWID_OCE,2019,39023.78
Oceania,OWID_OCE,2020,35372.883
Oceania,OWID_OCE,2021,34230.82
Oceania,OWID_OCE,2022,34673.67
Oceania,OWID_OCE,2023,33928.89
Oceania,OWID_OCE,2024,33591.14
Oman,OMN,1965,166.39279
Oman,OMN,1966,203.50377
Oman,OMN,1967,882.06006
Oman,OMN,1968,1036.7483
Oman,OMN,1969,1438.9675
Oman,OMN,1970,1412.2805
Oman,OMN,1971,22714.63
Oman,OMN,1972,25231.861
Oman,OMN,1973,21320.436
Oman,OMN,1974,18912.955
Oman,OMN,1975,16568.465
Oman,OMN,1976,18235.354
Oman,OMN,1977,16733.195
Oman,OMN,1978,18485.121
Oman,OMN,1979,20201.014
Oman,OMN,1980,17037.115
Oman,OMN,1981,17050.557
Oman,OMN,1982,17421.605
Oman,OMN,1983,19002.33
Oman,OMN,1984,22310.965
Oman,OMN,1985,24838.732
Oman,OMN,1986,25109.262
Oman,OMN,1987,24641.56
Oman,OMN,1988,23917.87
Oman,OMN,1989,23724.553
Oman,OMN,1990,26429.148
Oman,OMN,1991,32859.07
Oman,OMN,1992,31123.568
Oman,OMN,1993,28780.873
Oman,OMN,1994,26192.926
Oman,OMN,1995,30118.719
Oman,OMN,1996,30375.232
Oman,OMN,1997,30807.531
Oman,OMN,1998,31152.217
Oman,OMN,1999,34921.227
Oman,OMN,2000,48620.9
Oman,OMN,2001,53324.79
Oman,OMN,2002,56120.258
Oman,OMN,2003,57588.85
Oman,OMN,2004,58819.91
Oman,OMN,2005,63469.54
Oman,OMN,2006,67833.37
Oman,OMN,2007,66942.76
Oman,OMN,2008,76528.73
Oman,OMN,2009,74281.89
Oman,OMN,2010,85979.016
Oman,OMN,2011,84460.266
Oman,OMN,2012,79910.4
Oman,OMN,2013,82843.93
Oman,OMN,2014,78943.07
Oman,OMN,2015,80626.695
Oman,OMN,2016,77121.92
Oman,OMN,2017,77549.836
Oman,OMN,2018,81769.39
Oman,OMN,2019,81316.12
Oman,OMN,2020,79852.52
Oman,OMN,2021,88045.59
Oman,OMN,2022,88673.7
Oman,OMN,2023,85174.93
Oman,OMN,2024,83610.02
Pakistan,PAK,1965,1450.508
Pakistan,PAK,1966,1422.2755
Pakistan,PAK,1967,1521.7384
Pakistan,PAK,1968,1670.0925
Pakistan,PAK,1969,1622.7911
Pakistan,PAK,1970,1567.5361
Pakistan,PAK,1971,1391.9484
Pakistan,PAK,1972,1212.3422
Pakistan,PAK,1973,1253.5289
Pakistan,PAK,1974,1328.1135
Pakistan,PAK,1975,1332.6787
Pakistan,PAK,1976,1302.391
Pakistan,PAK,1977,1352.4543
Pakistan,PAK,1978,1367.4843
Pakistan,PAK,1979,1447.2576
Pakistan,PAK,1980,1558.408
Pakistan,PAK,1981,1613.7094
Pakistan,PAK,1982,1706.5367
Pakistan,PAK,1983,1730.5836
Pakistan,PAK,1984,1781.9087
Pakistan,PAK,1985,1817.6708
Pakistan,PAK,1986,1898.7076
Pakistan,PAK,1987,1998.5015
Pakistan,PAK,1988,2062.5718
Pakistan,PAK,1989,2139.3413
Pakistan,PAK,1990,2184.8738
Pakistan,PAK,1991,2235.929
Pakistan,PAK,1992,2262.1753
Pakistan,PAK,1993,2442.9424
Pakistan,PAK,1994,2478.5015
Pakistan,PAK,1995,2540.7375
Pakistan,PAK,1996,2621.1096
Pakistan,PAK,1997,2575.2788
Pakistan,PAK,1998,2603.3313
Pakistan,PAK,1999,2722.451
Pakistan,PAK,2000,2751.7773
Pakistan,PAK,2001,2717.0564
Pakistan,PAK,2002,2733.3005
Pakistan,PAK,2003,2838.0723
Pakistan,PAK,2004,3113.187
Pakistan,PAK,2005,3114.5598
Pakistan,PAK,2006,3264.8367
Pakistan,PAK,2007,3367.006
Pakistan,PAK,2008,3362.2214
Pakistan,PAK,2009,3386.4136
Pakistan,PAK,2010,3312.214
Pakistan,PAK,2011,3231.5793
Pakistan,PAK,2012,3202.0054
Pakistan,PAK,2013,3210.3013
Pakistan,PAK,2014,3196.8076
Pakistan,PAK,2015,3345.83
Pakistan,PAK,2016,3583.765
Pakistan,PAK,2017,3766.6934
Pakistan,PAK,2018,3760.256
Pakistan,PAK,2019,3652.658
Pakistan,PAK,2020,3487.2937
Pakistan,PAK,2021,3820.9192
Pakistan,PAK,2022,3342.364
Pakistan,PAK,2023,2955.591
Pakistan,PAK,2024,2845.4216
Peru,PER,1965,4017.023
Peru,PER,1966,4857.7627
Peru,PER,1967,4739.438
Peru,PER,1968,4653.0327
Peru,PER,1969,4495.9116
Peru,PER,1970,4583.5684
Peru,PER,1971,4510.698
Peru,PER,1972,3807.6611
Peru,PER,1973,4262.173
Peru,PER,1974,4838.765
Peru,PER,1975,4998.836
Peru,PER,1976,4939.1514
Peru,PER,1977,4824.704
Peru,PER,1978,4669.6016
Peru,PER,1979,4692.8667
Peru,PER,1980,4945.056
Peru,PER,1981,4968.279
Peru,PER,1982,4810.743
Peru,PER,1983,3981.7825
Peru,PER,1984,4073.3965
Peru,PER,1985,3781.2517
Peru,PER,1986,3988.909
Peru,PER,1987,4277.198
Peru,PER,1988,4081.614
Peru,PER,1989,3549.172
Peru,PER,1990,3435.244
Peru,PER,1991,3190.8787
Peru,PER,1992,3237.1167
Peru,PER,1993,3319.2612
Peru,PER,1994,3548.2952
Peru,PER,1995,3885.6868
Peru,PER,1996,3933.7656
Peru,PER,1997,3766.6882
Peru,PER,1998,3800.1802
Peru,PER,1999,3787.8796
Peru,PER,2000,3722.7856
Peru,PER,2001,3478.7627
Peru,PER,2002,3523.5264
Peru,PER,2003,3376.1687
Peru,PER,2004,3816.0898
Peru,PER,2005,3952.215
Peru,PER,2006,3806.445
Peru,PER,2007,4301.9463
Peru,PER,2008,4823.312
Peru,PER,2009,4828.5835
Peru,PER,2010,5680.195
Peru,PER,2011,6296.3716
Peru,PER,2012,6437.1377
Peru,PER,2013,6508.718
Peru,PER,2014,6619.906
Peru,PER,2015,6847.081
Peru,PER,2016,7298.9893
Peru,PER,2017,6900.2773
Peru,PER,2018,7044.618
Peru,PER,2019,7119.6226
Peru,PER,2020,5929.0264
Peru,PER,2021,6936.3374
Peru,PER,2022,7348.9126
Peru,PER,2023,7436.1006
Peru,PER,2024,7904.6484
Philippines,PHL,1965,1775.235
Philippines,PHL,1966,1916.5419
Philippines,PHL,1967,2020.7524
Philippines,PHL,1968,2316.8413
Philippines,PHL,1969,2429.5605
Philippines,PHL,1970,2398.4116
Philippines,PHL,1971,2536.2683
Philippines,PHL,1972,2616.471
Philippines,PHL,1973,2855.9119
Philippines,PHL,1974,2620.1245
Philippines,PHL,1975,2784.1262
Philippines,PHL,1976,2788.1892
Philippines,PHL,1977,2971.674
Philippines,PHL,1978,2990.5361
Philippines,PHL,1979,3005.414
Philippines,PHL,1980,2750.0999
Philippines,PHL,1981,2545.7783
Philippines,PHL,1982,2468.7637
Philippines,PHL,1983,2449.9387
Philippines,PHL,1984,2031.7313
Philippines,PHL,1985,1844.45
Philippines,PHL,1986,1825.0521
Philippines,PHL,1987,2053.6494
Philippines,PHL,1988,2189.7563
Philippines,PHL,1989,2381.2559
Philippines,PHL,1990,2429.1174
Philippines,PHL,1991,2373.1238
Philippines,PHL,1992,2560.4456
Philippines,PHL,1993,2758.2246
Philippines,PHL,1994,2767.7373
Philippines,PHL,1995,3155.7312
Philippines,PHL,1996,3292.8596
Philippines,PHL,1997,3568.7258
Philippines,PHL,1998,3427.7603
Philippines,PHL,1999,3240.4202
Philippines,PHL,2000,3160.5872
Philippines,PHL,2001,3077.8936
Philippines,PHL,2002,3046.4983
Philippines,PHL,2003,3088.861
Philippines,PHL,2004,3079.688
Philippines,PHL,2005,3045.431
Philippines,PHL,2006,2773.7673
Philippines,PHL,2007,2900.2427
Philippines,PHL,2008,2910.4888
Philippines,PHL,2009,2907.6475
Philippines,PHL,2010,3013.6772
Philippines,PHL,2011,2969.1863
Philippines,PHL,2012,3003.1633
Philippines,PHL,2013,3219.8079
Philippines,PHL,2014,3362.5166
Philippines,PHL,2015,3649.473
Philippines,PHL,2016,3956.1594
Philippines,PHL,2017,4308.186
Philippines,PHL,2018,4416.5376
Philippines,PHL,2019,4534.257
Philippines,PHL,2020,4034.0088
Philippines,PHL,2021,4231.482
Philippines,PHL,2022,4391.233
Philippines,PHL,2023,4647.6064
Philippines,PHL,2024,4942.1357
Poland,POL,1965,24715.943
Poland,POL,1966,24974.67
Poland,POL,1967,25490.562
Poland,POL,1968,27222.219
Poland,POL,1969,28877.553
Poland,POL,1970,30191.037
Poland,POL,1971,30947.254
Poland,POL,1972,32379.52
Poland,POL,1973,32701.457
Poland,POL,1974,33417.04
Poland,POL,1975,35734.812
Poland,POL,1976,37323.61
Poland,POL,1977,38516.89
Poland,POL,1978,40096.99
Poland,POL,1979,40346.336
Poland,POL,1980,41822.32
Poland,POL,1981,37361.02
Poland,POL,1982,37745.137
Poland,POL,1983,37547.9
Poland,POL,1984,38710.78
Poland,POL,1985,39238.312
Poland,POL,1986,40104.14
Poland,POL,1987,41180.875
Poland,POL,1988,40227.11
Poland,POL,1989,38600.703
Poland,POL,1990,31689.658
Poland,POL,1991,30919.9
Poland,POL,1992,29491.992
Poland,POL,1993,29436.123
Poland,POL,1994,28110.89
Poland,POL,1995,28748.48
Poland,POL,1996,30183.54
Poland,POL,1997,29889.105
Poland,POL,1998,28613.613
Poland,POL,1999,28095.734
Poland,POL,2000,26414.73
Poland,POL,2001,26202.27
Poland,POL,2002,25932.55
Poland,POL,2003,26888.12
Poland,POL,2004,27037.06
Poland,POL,2005,27538.186
Poland,POL,2006,28800.781
Poland,POL,2007,28596.979
Poland,POL,2008,28936.543
Poland,POL,2009,27697.5
Poland,POL,2010,29320.49
Poland,POL,2011,29188.39
Poland,POL,2012,27932.582
Poland,POL,2013,28026.488
Poland,POL,2014,26726.217
Poland,POL,2015,26917.37
Poland,POL,2016,28221.139
Poland,POL,2017,29633.531
Poland,POL,2018,30091.328
Poland,POL,2019,28892.744
Poland,POL,2020,27469.256
Poland,POL,2021,29652.678
Poland,POL,2022,27903.738
Poland,POL,2023,25642.744
Poland,POL,2024,25239.367
Portugal,PRT,1965,4208.781
Portugal,PRT,1966,4318.642
Portugal,PRT,1967,4693.022
Portugal,PRT,1968,4918.2847
Portugal,PRT,1969,5117.512
Portugal,PRT,1970,6820.019
Portugal,PRT,1971,7593.035
Portugal,PRT,1972,8021.3765
Portugal,PRT,1973,8885.008
Portugal,PRT,1974,9135.524
Portugal,PRT,1975,9378.852
Portugal,PRT,1976,9649.667
Portugal,PRT,1977,9377.502
Portugal,PRT,1978,9661.514
Portugal,PRT,1979,10206.462
Portugal,PRT,1980,10660.315
Portugal,PRT,1981,11245.459
Portugal,PRT,1982,11659.839
Portugal,PRT,1983,11756.973
Portugal,PRT,1984,11807.087
Portugal,PRT,1985,11750.812
Portugal,PRT,1986,13241.711
Portugal,PRT,1987,13411.05
Portugal,PRT,1988,14271.878
Portugal,PRT,1989,17612.49
Portugal,PRT,1990,17354.352
Portugal,PRT,1991,18171.11
Portugal,PRT,1992,19885.918
Portugal,PRT,1993,19248.385
Portugal,PRT,1994,19531.28
Portugal,PRT,1995,21613.455
Portugal,PRT,1996,20406.666
Portugal,PRT,1997,21171.637
Portugal,PRT,1998,23368.273
Portugal,PRT,1999,25378.69
Portugal,PRT,2000,24864.014
Portugal,PRT,2001,24357.178
Portugal,PRT,2002,25745.754
Portugal,PRT,2003,24241.986
Portugal,PRT,2004,25071.3
Portugal,PRT,2005,26103.338
Portugal,PRT,2006,23751.945
Portugal,PRT,2007,23659.574
Portugal,PRT,2008,22914.592
Portugal,PRT,2009,22098.191
Portugal,PRT,2010,20846.809
Portugal,PRT,2011,20696.514
Portugal,PRT,2012,19670.934
Portugal,PRT,2013,19576.334
Portugal,PRT,2014,19372.965
Portugal,PRT,2015,21048.691
Portugal,PRT,2016,21144.729
Portugal,PRT,2017,22955.53
Portugal,PRT,2018,21434.928
Portugal,PRT,2019,20862.672
Portugal,PRT,2020,17458.988
Portugal,PRT,2021,17104.383
Portugal,PRT,2022,17708.984
Portugal,PRT,2023,16349.167
Portugal,PRT,2024,15299.84
Qatar,QAT,1965,22019.959
Qatar,QAT,1966,19675.346
Qatar,QAT,1967,24987.75
Qatar,QAT,1968,70176.805
Qatar,QAT,1969,98199.18
Qatar,QAT,1970,99043.46
Qatar,QAT,1971,87405.586
Qatar,QAT,1972,86685.16
Qatar,QAT,1973,111341.19
Qatar,QAT,1974,88583.2
Qatar,QAT,1975,121413.695
Qatar,QAT,1976,72034.99
Qatar,QAT,1977,93135.35
Qatar,QAT,1978,83237.375
Qatar,QAT,1979,194705.66
Qatar,QAT,1980,193422.84
Qatar,QAT,1981,173930.5
Qatar,QAT,1982,190448.27
Qatar,QAT,1983,187596.61
Qatar,QAT,1984,202389.92
Qatar,QAT,1985,180653.12
Qatar,QAT,1986,188457.3
Qatar,QAT,1987,175947.08
Qatar,QAT,1988,178809.97
Qatar,QAT,1989,182647.86
Qatar,QAT,1990,179101.61
Qatar,QAT,1991,199650.05
Qatar,QAT,1992,307229.7
Qatar,QAT,1993,318559.7
Qatar,QAT,1994,313668.38
Qatar,QAT,1995,303592.53
Qatar,QAT,1996,217682.23
Qatar,QAT,1997,228679.56
Qatar,QAT,1998,233498.3
Qatar,QAT,1999,246359.88
Qatar,QAT,2000,209063.47
Qatar,QAT,2001,191210.31
Qatar,QAT,2002,227637.83
Qatar,QAT,2003,219715.38
Qatar,QAT,2004,255475.86
Qatar,QAT,2005,270980.6
Qatar,QAT,2006,252214.67
Qatar,QAT,2007,231557.08
Qatar,QAT,2008,202220.72
Qatar,QAT,2009,181811.38
Qatar,QAT,2010,196225.33
Qatar,QAT,2011,217078.75
Qatar,QAT,2012,235126.88
Qatar,QAT,2013,237853.5
Qatar,QAT,2014,232976.03
Qatar,QAT,2015,245130.9
Qatar,QAT,2016,225477
Qatar,QAT,2017,208236.44
Qatar,QAT,2018,207486.9
Qatar,QAT,2019,209016
Qatar,QAT,2020,182961.77
Qatar,QAT,2021,192760.92
Qatar,QAT,2022,194943.48
Qatar,QAT,2023,206238.08
Qatar,QAT,2024,212681.1
Romania,ROU,1965,14735.651
Romania,ROU,1966,15669.222
Romania,ROU,1967,17231.252
Romania,ROU,1968,17992.873
Romania,ROU,1969,20264.951
Romania,ROU,1970,21178.244
Romania,ROU,1971,21941.71
Romania,ROU,1972,22454.377
Romania,ROU,1973,24209.037
Romania,ROU,1974,23982.234
Romania,ROU,1975,25852.393
Romania,ROU,1976,27834.174
Romania,ROU,1977,29138.355
Romania,ROU,1978,31066.691
Romania,ROU,1979,31394.13
Romania,ROU,1980,31346.7
Romania,ROU,1981,31245.482
Romania,ROU,1982,30938.041
Romania,ROU,1983,30834.627
Romania,ROU,1984,30332.277
Romania,ROU,1985,29961.838
Romania,ROU,1986,30788.348
Romania,ROU,1987,31829.121
Romania,ROU,1988,31883.805
Romania,ROU,1989,31983.7
Romania,ROU,1990,30578.965
Romania,ROU,1991,25332.16
Romania,ROU,1992,22523.654
Romania,ROU,1993,21778.225
Romania,ROU,1994,20489.934
Romania,ROU,1995,22307.7
Romania,ROU,1996,22220.002
Romania,ROU,1997,20355.33
Romania,ROU,1998,18305.057
Romania,ROU,1999,15895.324
Romania,ROU,2000,16381.554
Romania,ROU,2001,16693.115
Romania,ROU,2002,17410.193
Romania,ROU,2003,18020.7
Romania,ROU,2004,18516.28
Romania,ROU,2005,18257.586
Romania,ROU,2006,19014.605
Romania,ROU,2007,18415.652
Romania,ROU,2008,17884.338
Romania,ROU,2009,15391.757
Romania,ROU,2010,15061.542
Romania,ROU,2011,16270.026
Romania,ROU,2012,15880.206
Romania,ROU,2013,14096.967
Romania,ROU,2014,13978.327
Romania,ROU,2015,14010.263
Romania,ROU,2016,13993.737
Romania,ROU,2017,14751.903
Romania,ROU,2018,14808.521
Romania,ROU,2019,14653.452
Romania,ROU,2020,13955.508
Romania,ROU,2021,14947.067
Romania,ROU,2022,13856.941
Romania,ROU,2023,13229.871
Romania,ROU,2024,13542.4375
Russia,RUS,1985,61301.49
Russia,RUS,1986,61736.746
Russia,RUS,1987,63006.17
Russia,RUS,1988,63513.777
Russia,RUS,1989,63370.254
Russia,RUS,1990,62067.555
Russia,RUS,1991,60896.844
Russia,RUS,1992,58533.875
Russia,RUS,1993,54446.03
Russia,RUS,1994,49530.55
Russia,RUS,1995,46518.188
Russia,RUS,1996,44889.055
Russia,RUS,1997,42186.535
Russia,RUS,1998,42230.984
Russia,RUS,1999,42555.594
Russia,RUS,2000,43333.367
Russia,RUS,2001,44012.707
Russia,RUS,2002,44044.98
Russia,RUS,2003,45115.305
Russia,RUS,2004,45504.992
Russia,RUS,2005,45628.137
Russia,RUS,2006,47988.715
Russia,RUS,2007,48255.9
Russia,RUS,2008,48747.59
Russia,RUS,2009,45846.953
Russia,RUS,2010,47916.234
Russia,RUS,2011,49786.36
Russia,RUS,2012,49980.168
Russia,RUS,2013,49005.043
Russia,RUS,2014,49100.773
Russia,RUS,2015,47970.383
Russia,RUS,2016,48591.21
Russia,RUS,2017,48706.395
Russia,RUS,2018,50561.297
Russia,RUS,2019,49972.418
Russia,RUS,2020,47561.008
Russia,RUS,2021,49326.258
Russia,RUS,2022,51712.81
Russia,RUS,2023,52742.035
Russia,RUS,2024,54831.473
Saudi Arabia,SAU,1965,80285.836
Saudi Arabia,SAU,1966,78398.07
Saudi Arabia,SAU,1967,76574.586
Saudi Arabia,SAU,1968,74791.336
Saudi Arabia,SAU,1969,73062.27
Saudi Arabia,SAU,1970,73784.5
Saudi Arabia,SAU,1971,70695.26
Saudi Arabia,SAU,1972,72244.914
Saudi Arabia,SAU,1973,73301.266
Saudi Arabia,SAU,1974,73862.266
Saudi Arabia,SAU,1975,55584.9
Saudi Arabia,SAU,1976,60898.125
Saudi Arabia,SAU,1977,68022.734
Saudi Arabia,SAU,1978,71598.445
Saudi Arabia,SAU,1979,81849.14
Saudi Arabia,SAU,1980,69430.64
Saudi Arabia,SAU,1981,78067.52
Saudi Arabia,SAU,1982,80863.69
Saudi Arabia,SAU,1983,82446.766
Saudi Arabia,SAU,1984,92928.28
Saudi Arabia,SAU,1985,89518.31
Saudi Arabia,SAU,1986,90936.586
Saudi Arabia,SAU,1987,91097.39
Saudi Arabia,SAU,1988,90378.96
Saudi Arabia,SAU,1989,84568.695
Saudi Arabia,SAU,1990,87244.01
Saudi Arabia,SAU,1991,87131.43
Saudi Arabia,SAU,1992,84006.414
Saudi Arabia,SAU,1993,82094.09
Saudi Arabia,SAU,1994,90947.22
Saudi Arabia,SAU,1995,85031.6
Saudi Arabia,SAU,1996,84487.94
Saudi Arabia,SAU,1997,82800.23
Saudi Arabia,SAU,1998,83940.57
Saudi Arabia,SAU,1999,82434.336
Saudi Arabia,SAU,2000,82513.39
Saudi Arabia,SAU,2001,83463.33
Saudi Arabia,SAU,2002,82708.4
Saudi Arabia,SAU,2003,83526.38
Saudi Arabia,SAU,2004,86552.73
Saudi Arabia,SAU,2005,88089.3
Saudi Arabia,SAU,2006,88548.28
Saudi Arabia,SAU,2007,86911.21
Saudi Arabia,SAU,2008,91397.836
Saudi Arabia,SAU,2009,91054.914
Saudi Arabia,SAU,2010,97431.42
Saudi Arabia,SAU,2011,97958.78
Saudi Arabia,SAU,2012,100291.75
Saudi Arabia,SAU,2013,97446.086
Saudi Arabia,SAU,2014,101095.94
Saudi Arabia,SAU,2015,101968.56
Saudi Arabia,SAU,2016,103513.945
Saudi Arabia,SAU,2017,103358.84
Saudi Arabia,SAU,2018,102131.76
Saudi Arabia,SAU,2019,97359.56
Saudi Arabia,SAU,2020,93118.2
Saudi Arabia,SAU,2021,95112.79
Saudi Arabia,SAU,2022,97739.83
Saudi Arabia,SAU,2023,95853.414
Saudi Arabia,SAU,2024,96134.77
Singapore,SGP,1965,25597.227
Singapore,SGP,1966,28525.906
Singapore,SGP,1967,33451.945
Singapore,SGP,1968,40661.887
Singapore,SGP,1969,39138.465
Singapore,SGP,1970,41693.78
Singapore,SGP,1971,35564.87
Singapore,SGP,1972,43795.066
Singapore,SGP,1973,40600.332
Singapore,SGP,1974,39398.39
Singapore,SGP,1975,37903.79
Singapore,SGP,1976,44329.863
Singapore,SGP,1977,43908.457
Singapore,SGP,1978,44638.29
Singapore,SGP,1979,47037.62
Singapore,SGP,1980,45772.855
Singapore,SGP,1981,50699.008
Singapore,SGP,1982,47534.71
Singapore,SGP,1983,49260.035
Singapore,SGP,1984,51123.156
Singapore,SGP,1985,51880.066
Singapore,SGP,1986,59929.086
Singapore,SGP,1987,62181.41
Singapore,SGP,1988,70254.56
Singapore,SGP,1989,77677.08
Singapore,SGP,1990,89759.48
Singapore,SGP,1991,88490.7
Singapore,SGP,1992,92300.94
Singapore,SGP,1993,98083.31
Singapore,SGP,1994,108929.56
Singapore,SGP,1995,109847.23
Singapore,SGP,1996,106887.16
Singapore,SGP,1997,108522.2
Singapore,SGP,1998,107070.6
Singapore,SGP,1999,104257.56
Singapore,SGP,2000,109592.27
Singapore,SGP,2001,121280.39
Singapore,SGP,2002,115925.26
Singapore,SGP,2003,109392.77
Singapore,SGP,2004,122698.34
Singapore,SGP,2005,126694.39
Singapore,SGP,2006,135535.17
Singapore,SGP,2007,140739.44
Singapore,SGP,2008,143327.05
Singapore,SGP,2009,148999.64
Singapore,SGP,2010,155632.66
Singapore,SGP,2011,158659.98
Singapore,SGP,2012,156653.27
Singapore,SGP,2013,156128.16
Singapore,SGP,2014,157207.66
Singapore,SGP,2015,164495.58
Singapore,SGP,2016,171765.44
Singapore,SGP,2017,175460.31
Singapore,SGP,2018,175846.89
Singapore,SGP,2019,171365.52
Singapore,SGP,2020,161990.23
Singapore,SGP,2021,163868.19
Singapore,SGP,2022,157666.16
Singapore,SGP,2023,170361.58
Singapore,SGP,2024,179674.1
Slovakia,SVK,1965,22969.459
Slovakia,SVK,1966,23689.205
Slovakia,SVK,1967,23842.223
Slovakia,SVK,1968,26359.305
Slovakia,SVK,1969,27644.088
Slovakia,SVK,1970,30031.357
Slovakia,SVK,1971,32355.736
Slovakia,SVK,1972,33737.55
Slovakia,SVK,1973,34810.453
Slovakia,SVK,1974,35599.695
Slovakia,SVK,1975,37271.26
Slovakia,SVK,1976,38156.613
Slovakia,SVK,1977,39728.668
Slovakia,SVK,1978,41491.574
Slovakia,SVK,1979,41315.508
Slovakia,SVK,1980,40095.797
Slovakia,SVK,1981,39275.316
Slovakia,SVK,1982,38272.03
Slovakia,SVK,1983,37899.082
Slovakia,SVK,1984,40465.43
Slovakia,SVK,1985,40143.484
Slovakia,SVK,1986,38492.805
Slovakia,SVK,1987,39297.086
Slovakia,SVK,1988,39471.664
Slovakia,SVK,1989,39501.223
Slovakia,SVK,1990,39620.06
Slovakia,SVK,1991,34978.547
Slovakia,SVK,1992,33291.598
Slovakia,SVK,1993,31378.36
Slovakia,SVK,1994,29612.625
Slovakia,SVK,1995,30417.967
Slovakia,SVK,1996,31102.322
Slovakia,SVK,1997,30519.752
Slovakia,SVK,1998,30619.328
Slovakia,SVK,1999,29907.207
Slovakia,SVK,2000,29330.615
Slovakia,SVK,2001,29935.842
Slovakia,SVK,2002,29799.021
Slovakia,SVK,2003,29711.262
Slovakia,SVK,2004,29028.1
Slovakia,SVK,2005,30510.5
Slovakia,SVK,2006,29148.162
Slovakia,SVK,2007,27935.637
Slovakia,SVK,2008,28500.635
Slovakia,SVK,2009,25937.344
Slovakia,SVK,2010,27597.111
Slovakia,SVK,2011,26197.006
Slovakia,SVK,2012,24532.945
Slovakia,SVK,2013,24868.512
Slovakia,SVK,2014,22471.436
Slovakia,SVK,2015,23065.299
Slovakia,SVK,2016,23310.926
Slovakia,SVK,2017,25037.982
Slovakia,SVK,2018,24925.191
Slovakia,SVK,2019,23110.764
Slovakia,SVK,2020,22267.734
Slovakia,SVK,2021,24816.783
Slovakia,SVK,2022,22300.545
Slovakia,SVK,2023,21465.562
Slovakia,SVK,2024,20802.943
Slovenia,SVN,1990,23643.53
Slovenia,SVN,1991,22285
Slovenia,SVN,1992,21722.762
Slovenia,SVN,1993,23308.645
Slovenia,SVN,1994,24011.9
Slovenia,SVN,1995,25739.938
Slovenia,SVN,1996,27294.824
Slovenia,SVN,1997,28416.305
Slovenia,SVN,1998,28049.62
Slovenia,SVN,1999,27567.713
Slovenia,SVN,2000,26874.469
Slovenia,SVN,2001,28159.438
Slovenia,SVN,2002,28279.6
Slovenia,SVN,2003,28497.592
Slovenia,SVN,2004,29024.234
Slovenia,SVN,2005,29485.3
Slovenia,SVN,2006,30001.652
Slovenia,SVN,2007,29887.36
Slovenia,SVN,2008,31717.81
Slovenia,SVN,2009,27945.2
Slovenia,SVN,2010,28219.41
Slovenia,SVN,2011,27508.312
Slovenia,SVN,2012,26556.947
Slovenia,SVN,2013,25377.62
Slovenia,SVN,2014,23209.957
Slovenia,SVN,2015,23265.041
Slovenia,SVN,2016,24876.037
Slovenia,SVN,2017,25399.64
Slovenia,SVN,2018,25550.66
Slovenia,SVN,2019,24353.123
Slovenia,SVN,2020,21583.418
Slovenia,SVN,2021,22065.947
Slovenia,SVN,2022,21221.672
Slovenia,SVN,2023,19887.96
Slovenia,SVN,2024,20922.52
South Africa,ZAF,1965,18550.58
South Africa,ZAF,1966,18096.545
South Africa,ZAF,1967,18267.04
South Africa,ZAF,1968,18687.389
South Africa,ZAF,1969,18656.426
South Africa,ZAF,1970,18914.01
South Africa,ZAF,1971,19775.623
South Africa,ZAF,1972,19761.707
South Africa,ZAF,1973,20650.643
South Africa,ZAF,1974,20638.883
South Africa,ZAF,1975,21412.053
South Africa,ZAF,1976,21672.469
South Africa,ZAF,1977,21608.938
South Africa,ZAF,1978,20824.484
South Africa,ZAF,1979,21013.893
South Africa,ZAF,1980,21780.344
South Africa,ZAF,1981,24460.14
South Africa,ZAF,1982,25484.818
South Africa,ZAF,1983,24975.902
South Africa,ZAF,1984,26044.725
South Africa,ZAF,1985,25615.748
South Africa,ZAF,1986,24928.424
South Africa,ZAF,1987,24759.305
South Africa,ZAF,1988,26069.613
South Africa,ZAF,1989,24125.766
South Africa,ZAF,1990,24608.584
South Africa,ZAF,1991,23758.62
South Africa,ZAF,1992,23524.438
South Africa,ZAF,1993,23194.137
South Africa,ZAF,1994,23602.729
South Africa,ZAF,1995,24334.25
South Africa,ZAF,1996,24427.865
South Africa,ZAF,1997,24591.252
South Africa,ZAF,1998,23818.39
South Africa,ZAF,1999,24492.525
South Africa,ZAF,2000,24250.775
South Africa,ZAF,2001,24279.123
South Africa,ZAF,2002,23312.65
South Africa,ZAF,2003,25121.77
South Africa,ZAF,2004,27170.922
South Africa,ZAF,2005,25521.05
South Africa,ZAF,2006,25780.625
South Africa,ZAF,2007,26146.27
South Africa,ZAF,2008,27759.87
South Africa,ZAF,2009,27314.83
South Africa,ZAF,2010,27189.215
South Africa,ZAF,2011,26445.805
South Africa,ZAF,2012,25745.855
South Africa,ZAF,2013,25379.791
South Africa,ZAF,2014,25178.47
South Africa,ZAF,2015,24054.816
South Africa,ZAF,2016,24767.898
South Africa,ZAF,2017,24379.627
South Africa,ZAF,2018,22969.168
South Africa,ZAF,2019,23549.766
South Africa,ZAF,2020,22066.6
South Africa,ZAF,2021,21566.22
South Africa,ZAF,2022,20344.125
South Africa,ZAF,2023,20460.115
South Africa,ZAF,2024,20184.223
South America,OWID_SAM,1965,5605.5146
South America,OWID_SAM,1966,5793.7905
South America,OWID_SAM,1967,5843.8823
South America,OWID_SAM,1968,6093.745
South America,OWID_SAM,1969,6203.278
South America,OWID_SAM,1970,6335.294
South America,OWID_SAM,1971,6480.3022
South America,OWID_SAM,1972,6740.0864
South America,OWID_SAM,1973,7229.381
South America,OWID_SAM,1974,7484.9707
South America,OWID_SAM,1975,7325.3193
South America,OWID_SAM,1976,7620.7456
South America,OWID_SAM,1977,7863.243
South America,OWID_SAM,1978,8029.0923
South America,OWID_SAM,1979,8311.157
South America,OWID_SAM,1980,8321.849
South America,OWID_SAM,1981,8016.8813
South America,OWID_SAM,1982,7943.645
South America,OWID_SAM,1983,7633.3984
South America,OWID_SAM,1984,7566.1284
South America,OWID_SAM,1985,7570.0625
South America,OWID_SAM,1986,7849.2505
South America,OWID_SAM,1987,7889.376
South America,OWID_SAM,1988,8042.3374
South America,OWID_SAM,1989,7972.695
South America,OWID_SAM,1990,7741.217
South America,OWID_SAM,1991,7752.735
South America,OWID_SAM,1992,8005.584
South America,OWID_SAM,1993,8068.584
South America,OWID_SAM,1994,8413.59
South America,OWID_SAM,1995,8729.709
South America,OWID_SAM,1996,8979.793
South America,OWID_SAM,1997,9308.921
South America,OWID_SAM,1998,9483.515
South America,OWID_SAM,1999,9349.518
South America,OWID_SAM,2000,9388.753
South America,OWID_SAM,2001,9359.39
South America,OWID_SAM,2002,9146.672
South America,OWID_SAM,2003,8910.336
South America,OWID_SAM,2004,9484.582
South America,OWID_SAM,2005,9593.913
South America,OWID_SAM,2006,9992.143
South America,OWID_SAM,2007,10420.044
South America,OWID_SAM,2008,10716.408
South America,OWID_SAM,2009,10326.378
South America,OWID_SAM,2010,10939.672
South America,OWID_SAM,2011,11322.238
South America,OWID_SAM,2012,11899.222
South America,OWID_SAM,2013,12307.237
South America,OWID_SAM,2014,12368.254
South America,OWID_SAM,2015,12061.496
South America,OWID_SAM,2016,11656.802
South America,OWID_SAM,2017,11446.311
South America,OWID_SAM,2018,10891.673
South America,OWID_SAM,2019,10569.908
South America,OWID_SAM,2020,9332.015
South America,OWID_SAM,2021,10452.179
South America,OWID_SAM,2022,10651.061
South America,OWID_SAM,2023,10637.436
South America,OWID_SAM,2024,10658.721
South Korea,KOR,1965,2483.1133
South Korea,KOR,1966,2943.6082
South Korea,KOR,1967,3327.2207
South Korea,KOR,1968,3745.6318
South Korea,KOR,1969,4398.5957
South Korea,KOR,1970,5035.1924
South Korea,KOR,1971,5333.5674
South Korea,KOR,1972,5416.223
South Korea,KOR,1973,6600.2476
South Korea,KOR,1974,6685.9893
South Korea,KOR,1975,7264.549
South Korea,KOR,1976,8022.048
South Korea,KOR,1977,9155.668
South Korea,KOR,1978,9944.9
South Korea,KOR,1979,11281.045
South Korea,KOR,1980,11496.438
South Korea,KOR,1981,11875.068
South Korea,KOR,1982,11682.006
South Korea,KOR,1983,12120.277
South Korea,KOR,1984,12940.037
South Korea,KOR,1985,13784.954
South Korea,KOR,1986,14644.353
South Korea,KOR,1987,15434.191
South Korea,KOR,1988,17404.22
South Korea,KOR,1989,18358.695
South Korea,KOR,1990,20753.012
South Korea,KOR,1991,23736.748
South Korea,KOR,1992,27033.943
South Korea,KOR,1993,29684.982
South Korea,KOR,1994,32317.705
South Korea,KOR,1995,34853.5
South Korea,KOR,1996,38285.29
South Korea,KOR,1997,41787.555
South Korea,KOR,1998,36711.547
South Korea,KOR,1999,39459.04
South Korea,KOR,2000,41470.543
South Korea,KOR,2001,42347.703
South Korea,KOR,2002,43913.062
South Korea,KOR,2003,44650.39
South Korea,KOR,2004,45906.477
South Korea,KOR,2005,46551.56
South Korea,KOR,2006,47243.316
South Korea,KOR,2007,49067.508
South Korea,KOR,2008,49513.11
South Korea,KOR,2009,49865.574
South Korea,KOR,2010,54139.223
South Korea,KOR,2011,56462.52
South Korea,KOR,2012,56851.266
South Korea,KOR,2013,56833.58
South Korea,KOR,2014,55802.695
South Korea,KOR,2015,55800.85
South Korea,KOR,2016,57780.797
South Korea,KOR,2017,58838.734
South Korea,KOR,2018,60719.754
South Korea,KOR,2019,58809.69
South Korea,KOR,2020,55225.18
South Korea,KOR,2021,58490.05
South Korea,KOR,2022,58245.3
South Korea,KOR,2023,56722.855
South Korea,KOR,2024,57409.215
Spain,ESP,1965,8694.691
Spain,ESP,1966,9277.463
Spain,ESP,1967,10497.801
Spain,ESP,1968,10873.303
Spain,ESP,1969,11862.673
Spain,ESP,1970,13127.308
Spain,ESP,1971,14075.879
Spain,ESP,1972,14794.653
Spain,ESP,1973,16749.307
Spain,ESP,1974,17146.205
Spain,ESP,1975,17823.002
Spain,ESP,1976,19443.37
Spain,ESP,1977,18592.57
Spain,ESP,1978,18368.652
Spain,ESP,1979,19493.326
Spain,ESP,1980,20879.521
Spain,ESP,1981,21178.92
Spain,ESP,1982,20750.52
Spain,ESP,1983,20990.57
Spain,ESP,1984,20012.348
Spain,ESP,1985,19383.844
Spain,ESP,1986,19499.957
Spain,ESP,1987,19985.742
Spain,ESP,1988,19773.355
Spain,ESP,1989,21778.758
Spain,ESP,1990,21436.115
Spain,ESP,1991,22099.709
Spain,ESP,1992,23914.959
Spain,ESP,1993,22398.32
Spain,ESP,1994,23378.205
Spain,ESP,1995,24708.514
Spain,ESP,1996,24466.506
Spain,ESP,1997,25998.14
Spain,ESP,1998,27098.426
Spain,ESP,1999,29240.951
Spain,ESP,2000,30292.773
Spain,ESP,2001,30592.775
Spain,ESP,2002,31986.387
Spain,ESP,2003,31953.262
Spain,ESP,2004,32873.285
Spain,ESP,2005,33936.984
Spain,ESP,2006,32883.566
Spain,ESP,2007,33138.355
Spain,ESP,2008,30920.965
Spain,ESP,2009,27602.754
Spain,ESP,2010,26393.375
Spain,ESP,2011,26436.988
Spain,ESP,2012,25786.44
Spain,ESP,2013,23723.37
Spain,ESP,2014,23318.443
Spain,ESP,2015,24546.879
Spain,ESP,2016,24233.678
Spain,ESP,2017,25543.424
Spain,ESP,2018,25112.955
Spain,ESP,2019,24335.045
Spain,ESP,2020,19948.164
Spain,ESP,2021,21676.664
Spain,ESP,2022,22990.316
Spain,ESP,2023,21336.602
Spain,ESP,2024,21955.143
Sri Lanka,LKA,1965,858.7107
Sri Lanka,LKA,1966,858.4932
Sri Lanka,LKA,1967,858.34265
Sri Lanka,LKA,1968,859.0091
Sri Lanka,LKA,1969,857.6349
Sri Lanka,LKA,1970,1430.3214
Sri Lanka,LKA,1971,1409.3549
Sri Lanka,LKA,1972,1452.9878
Sri Lanka,LKA,1973,1515.7461
Sri Lanka,LKA,1974,1188.3951
Sri Lanka,LKA,1975,1209.8304
Sri Lanka,LKA,1976,1157.3391
Sri Lanka,LKA,1977,1216.4744
Sri Lanka,LKA,1978,1233.235
Sri Lanka,LKA,1979,1268.041
Sri Lanka,LKA,1980,1255.174
Sri Lanka,LKA,1981,1292.4725
Sri Lanka,LKA,1982,1391.9045
Sri Lanka,LKA,1983,1434.4121
Sri Lanka,LKA,1984,1361.78
Sri Lanka,LKA,1985,1197.373
Sri Lanka,LKA,1986,1222.146
Sri Lanka,LKA,1987,1342.9897
Sri Lanka,LKA,1988,1233.7965
Sri Lanka,LKA,1989,1139.3239
Sri Lanka,LKA,1990,1259.0063
Sri Lanka,LKA,1991,1251.0087
Sri Lanka,LKA,1992,1399.3121
Sri Lanka,LKA,1993,1390.5925
Sri Lanka,LKA,1994,1488.6768
Sri Lanka,LKA,1995,1559.4387
Sri Lanka,LKA,1996,1856.408
Sri Lanka,LKA,1997,1865.3958
Sri Lanka,LKA,1998,1913.2683
Sri Lanka,LKA,1999,2024.6327
Sri Lanka,LKA,2000,2283.7483
Sri Lanka,LKA,2001,2186.718
Sri Lanka,LKA,2002,2302.9766
Sri Lanka,LKA,2003,2276.5215
Sri Lanka,LKA,2004,2236.8137
Sri Lanka,LKA,2005,2564.8784
Sri Lanka,LKA,2006,2608.7415
Sri Lanka,LKA,2007,2743.721
Sri Lanka,LKA,2008,2515.7883
Sri Lanka,LKA,2009,2577.075
Sri Lanka,LKA,2010,2570.8816
Sri Lanka,LKA,2011,2977.5664
Sri Lanka,LKA,2012,3230.9458
Sri Lanka,LKA,2013,2788.8364
Sri Lanka,LKA,2014,3368.569
Sri Lanka,LKA,2015,3403.507
Sri Lanka,LKA,2016,4023.9902
Sri Lanka,LKA,2017,4265.532
Sri Lanka,LKA,2018,4197.827
Sri Lanka,LKA,2019,4361.3105
Sri Lanka,LKA,2020,3923.524
Sri Lanka,LKA,2021,3739.5945
Sri Lanka,LKA,2022,3219.7354
Sri Lanka,LKA,2023,3397.2612
Sri Lanka,LKA,2024,3647.3298
Sweden,SWE,1965,33057.02
Sweden,SWE,1966,36435.08
Sweden,SWE,1967,36018.645
Sweden,SWE,1968,39706.727
Sweden,SWE,1969,41975.855
Sweden,SWE,1970,45167.48
Sweden,SWE,1971,42078.547
Sweden,SWE,1972,42650.402
Sweden,SWE,1973,43692.977
Sweden,SWE,1974,39610.703
Sweden,SWE,1975,39555.004
Sweden,SWE,1976,43065.027
Sweden,SWE,1977,41146.977
Sweden,SWE,1978,49144.254
Sweden,SWE,1979,53014.996
Sweden,SWE,1980,46868.008
Sweden,SWE,1981,42010.066
Sweden,SWE,1982,39407.875
Sweden,SWE,1983,35116.406
Sweden,SWE,1984,34241.42
Sweden,SWE,1985,37097.965
Sweden,SWE,1986,39655.496
Sweden,SWE,1987,34762.406
Sweden,SWE,1988,32687.584
Sweden,SWE,1989,31262.898
Sweden,SWE,1990,26885.58
Sweden,SWE,1991,26845.008
Sweden,SWE,1992,28414.346
Sweden,SWE,1993,28117.49
Sweden,SWE,1994,29624.49
Sweden,SWE,1995,29346.486
Sweden,SWE,1996,31592.227
Sweden,SWE,1997,29541.365
Sweden,SWE,1998,30045.328
Sweden,SWE,1999,29431.947
Sweden,SWE,2000,27314.836
Sweden,SWE,2001,27715.66
Sweden,SWE,2002,27958.506
Sweden,SWE,2003,27818.453
Sweden,SWE,2004,27609.736
Sweden,SWE,2005,26322.895
Sweden,SWE,2006,26448.95
Sweden,SWE,2007,25547.004
Sweden,SWE,2008,24855.785
Sweden,SWE,2009,22528.719
Sweden,SWE,2010,24398.5
Sweden,SWE,2011,22068.459
Sweden,SWE,2012,20624.105
Sweden,SWE,2013,20068.232
Sweden,SWE,2014,19299.148
Sweden,SWE,2015,18989.322
Sweden,SWE,2016,19294.334
Sweden,SWE,2017,19284.686
Sweden,SWE,2018,17235.48
Sweden,SWE,2019,17325.348
Sweden,SWE,2020,15740.448
Sweden,SWE,2021,16968.709
Sweden,SWE,2022,15167.946
Sweden,SWE,2023,14909.92
Sweden,SWE,2024,15477.075
Switzerland,CHE,1965,18989.932
Switzerland,CHE,1966,19387.049
Switzerland,CHE,1967,20224.016
Switzerland,CHE,1968,21871.777
Switzerland,CHE,1969,23227.111
Switzerland,CHE,1970,25528.795
Switzerland,CHE,1971,26560.492
Switzerland,CHE,1972,26913.16
Switzerland,CHE,1973,28717.021
Switzerland,CHE,1974,25707.635
Switzerland,CHE,1975,24957.701
Switzerland,CHE,1976,26048.748
Switzerland,CHE,1977,26459.438
Switzerland,CHE,1978,27145.887
Switzerland,CHE,1979,26180.723
Switzerland,CHE,1980,26434.518
Switzerland,CHE,1981,24893.045
Switzerland,CHE,1982,23497.25
Switzerland,CHE,1983,25428.467
Switzerland,CHE,1984,25010.572
Switzerland,CHE,1985,25385.803
Switzerland,CHE,1986,27283.42
Switzerland,CHE,1987,25799.775
Switzerland,CHE,1988,25587.998
Switzerland,CHE,1989,24682.53
Switzerland,CHE,1990,26144.342
Switzerland,CHE,1991,26428.996
Switzerland,CHE,1992,26432.014
Switzerland,CHE,1993,24832.812
Switzerland,CHE,1994,25311.451
Switzerland,CHE,1995,23861.152
Switzerland,CHE,1996,24668.75
Switzerland,CHE,1997,25520.113
Switzerland,CHE,1998,25782.822
Switzerland,CHE,1999,25536.06
Switzerland,CHE,2000,24803.588
Switzerland,CHE,2001,26268.486
Switzerland,CHE,2002,24849.807
Switzerland,CHE,2003,24344.89
Switzerland,CHE,2004,24738.61
Switzerland,CHE,2005,24795.738
Switzerland,CHE,2006,24435.537
Switzerland,CHE,2007,23319.676
Switzerland,CHE,2008,23932.246
Switzerland,CHE,2009,22916.453
Switzerland,CHE,2010,23534.807
Switzerland,CHE,2011,21371.385
Switzerland,CHE,2012,21842.326
Switzerland,CHE,2013,22120.463
Switzerland,CHE,2014,19668.025
Switzerland,CHE,2015,19819.1
Switzerland,CHE,2016,18929.156
Switzerland,CHE,2017,19123.467
Switzerland,CHE,2018,18172.17
Switzerland,CHE,2019,18496.926
Switzerland,CHE,2020,15937.907
Switzerland,CHE,2021,15144.431
Switzerland,CHE,2022,16368.15
Switzerland,CHE,2023,16023.381
Switzerland,CHE,2024,15993.49
Taiwan,TWN,1965,4778.043
Taiwan,TWN,1966,4986.6294
Taiwan,TWN,1967,5357.6304
Taiwan,TWN,1968,5844.4233
Taiwan,TWN,1969,6189.7744
Taiwan,TWN,1970,6696.006
Taiwan,TWN,1971,8338.069
Taiwan,TWN,1972,8654.594
Taiwan,TWN,1973,10066.995
Taiwan,TWN,1974,9188.405
Taiwan,TWN,1975,9933.458
Taiwan,TWN,1976,12249.808
Taiwan,TWN,1977,13268.264
Taiwan,TWN,1978,14902.137
Taiwan,TWN,1979,15054.693
Taiwan,TWN,1980,15633.333
Taiwan,TWN,1981,13590.121
Taiwan,TWN,1982,14759.748
Taiwan,TWN,1983,15536.013
Taiwan,TWN,1984,15378.122
Taiwan,TWN,1985,15229.985
Taiwan,TWN,1986,17057.541
Taiwan,TWN,1987,17875.525
Taiwan,TWN,1988,20580.738
Taiwan,TWN,1989,22188.25
Taiwan,TWN,1990,22890.633
Taiwan,TWN,1991,24299.318
Taiwan,TWN,1992,25716.51
Taiwan,TWN,1993,27558.41
Taiwan,TWN,1994,29111.066
Taiwan,TWN,1995,30963.176
Taiwan,TWN,1996,31874.906
Taiwan,TWN,1997,33910.793
Taiwan,TWN,1998,35732.152
Taiwan,TWN,1999,37385.527
Taiwan,TWN,2000,40076.457
Taiwan,TWN,2001,41632.83
Taiwan,TWN,2002,43066.473
Taiwan,TWN,2003,45122.89
Taiwan,TWN,2004,46992.43
Taiwan,TWN,2005,47364.2
Taiwan,TWN,2006,48610.367
Taiwan,TWN,2007,50512.9
Taiwan,TWN,2008,48301.918
Taiwan,TWN,2009,46550.605
Taiwan,TWN,2010,50071.168
Taiwan,TWN,2011,49712.62
Taiwan,TWN,2012,49111.977
Taiwan,TWN,2013,49916.746
Taiwan,TWN,2014,51125.836
Taiwan,TWN,2015,51598.273
Taiwan,TWN,2016,52060.25
Taiwan,TWN,2017,53059.16
Taiwan,TWN,2018,53021.07
Taiwan,TWN,2019,51103.203
Taiwan,TWN,2020,49595.684
Taiwan,TWN,2021,53410.45
Taiwan,TWN,2022,51181.074
Taiwan,TWN,2023,49130.062
Taiwan,TWN,2024,49143.035
Thailand,THA,1965,905.94867
Thailand,THA,1966,1042.4277
Thailand,THA,1967,1139.0963
Thailand,THA,1968,1450.3943
Thailand,THA,1969,1526.3257
Thailand,THA,1970,1724.1113
Thailand,THA,1971,1853.4364
Thailand,THA,1972,2249.098
Thailand,THA,1973,2319.2244
Thailand,THA,1974,2315.1455
Thailand,THA,1975,2444.223
Thailand,THA,1976,2518.8196
Thailand,THA,1977,2760.4382
Thailand,THA,1978,2973.4258
Thailand,THA,1979,3026.9087
Thailand,THA,1980,3101.798
Thailand,THA,1981,2950.1082
Thailand,THA,1982,2915.69
Thailand,THA,1983,3168.439
Thailand,THA,1984,3445.649
Thailand,THA,1985,3568.2288
Thailand,THA,1986,3636.6099
Thailand,THA,1987,4207.452
Thailand,THA,1988,4701.126
Thailand,THA,1989,5285.6978
Thailand,THA,1990,6199.1064
Thailand,THA,1991,6776.666
Thailand,THA,1992,7338.5645
Thailand,THA,1993,8256.393
Thailand,THA,1994,9125.401
Thailand,THA,1995,10069.922
Thailand,THA,1996,11247.744
Thailand,THA,1997,11705.72
Thailand,THA,1998,10711.563
Thailand,THA,1999,11296.739
Thailand,THA,2000,11468.242
Thailand,THA,2001,11972.881
Thailand,THA,2002,12822.195
Thailand,THA,2003,13671.647
Thailand,THA,2004,14771.19
Thailand,THA,2005,15124.832
Thailand,THA,2006,15219.398
Thailand,THA,2007,15597.7295
Thailand,THA,2008,15474.296
Thailand,THA,2009,15774.619
Thailand,THA,2010,16708.875
Thailand,THA,2011,16943.037
Thailand,THA,2012,17890.738
Thailand,THA,2013,18061
Thailand,THA,2014,18485.998
Thailand,THA,2015,18685.648
Thailand,THA,2016,18895.766
Thailand,THA,2017,19032.113
Thailand,THA,2018,19352.322
Thailand,THA,2019,19208.645
Thailand,THA,2020,17878.428
Thailand,THA,2021,17936.838
Thailand,THA,2022,17904.564
Thailand,THA,2023,17843.396
Thailand,THA,2024,18315.57
Trinidad and Tobago,TTO,1965,36217.645
Trinidad and Tobago,TTO,1966,37942.094
Trinidad and Tobago,TTO,1967,39875.24
Trinidad and Tobago,TTO,1968,40571.77
Trinidad and Tobago,TTO,1969,41339.605
Trinidad and Tobago,TTO,1970,45064.53
Trinidad and Tobago,TTO,1971,44932.15
Trinidad and Tobago,TTO,1972,61218.598
Trinidad and Tobago,TTO,1973,59973.332
Trinidad and Tobago,TTO,1974,57058.742
Trinidad and Tobago,TTO,1975,45413.152
Trinidad and Tobago,TTO,1976,50466.23
Trinidad and Tobago,TTO,1977,51851.504
Trinidad and Tobago,TTO,1978,51530.42
Trinidad and Tobago,TTO,1979,44933.83
Trinidad and Tobago,TTO,1980,42671.945
Trinidad and Tobago,TTO,1981,44549.67
Trinidad and Tobago,TTO,1982,51750.586
Trinidad and Tobago,TTO,1983,49947.773
Trinidad and Tobago,TTO,1984,48717.84
Trinidad and Tobago,TTO,1985,49730.04
Trinidad and Tobago,TTO,1986,51007.17
Trinidad and Tobago,TTO,1987,47573.83
Trinidad and Tobago,TTO,1988,51759.473
Trinidad and Tobago,TTO,1989,50449.51
Trinidad and Tobago,TTO,1990,55502.445
Trinidad and Tobago,TTO,1991,54912.445
Trinidad and Tobago,TTO,1992,57680.094
Trinidad and Tobago,TTO,1993,60390.25
Trinidad and Tobago,TTO,1994,63601.453
Trinidad and Tobago,TTO,1995,68614.03
Trinidad and Tobago,TTO,1996,77441.86
Trinidad and Tobago,TTO,1997,77128.805
Trinidad and Tobago,TTO,1998,78027.43
Trinidad and Tobago,TTO,1999,86430.86
Trinidad and Tobago,TTO,2000,90149.664
Trinidad and Tobago,TTO,2001,95720.21
Trinidad and Tobago,TTO,2002,106004.34
Trinidad and Tobago,TTO,2003,115588.47
Trinidad and Tobago,TTO,2004,126134.336
Trinidad and Tobago,TTO,2005,138422.92
Trinidad and Tobago,TTO,2006,159603.2
Trinidad and Tobago,TTO,2007,162083.83
Trinidad and Tobago,TTO,2008,158891.44
Trinidad and Tobago,TTO,2009,156933.75
Trinidad and Tobago,TTO,2010,168397.11
Trinidad and Tobago,TTO,2011,165253.84
Trinidad and Tobago,TTO,2012,160920.98
Trinidad and Tobago,TTO,2013,161795.7
Trinidad and Tobago,TTO,2014,161010.4
Trinidad and Tobago,TTO,2015,155066.31
Trinidad and Tobago,TTO,2016,136222.42
Trinidad and Tobago,TTO,2017,143261.16
Trinidad and Tobago,TTO,2018,131940.92
Trinidad and Tobago,TTO,2019,131447.89
Trinidad and Tobago,TTO,2020,114330.79
Trinidad and Tobago,TTO,2021,116358.266
Trinidad and Tobago,TTO,2022,115674.53
Trinidad and Tobago,TTO,2023,109057.36
Trinidad and Tobago,TTO,2024,105976.31
Turkey,TUR,1965,2617.724
Turkey,TUR,1966,2942.1296
Turkey,TUR,1967,2964.674
Turkey,TUR,1968,3335.1018
Turkey,TUR,1969,3556.3013
Turkey,TUR,1970,3744.289
Turkey,TUR,1971,4108.577
Turkey,TUR,1972,4459.837
Turkey,TUR,1973,5015.9683
Turkey,TUR,1974,4951.291
Turkey,TUR,1975,5249.9497
Turkey,TUR,1976,5678.206
Turkey,TUR,1977,6126.2417
Turkey,TUR,1978,6346.2925
Turkey,TUR,1979,5759.883
Turkey,TUR,1980,5825.016
Turkey,TUR,1981,5689.2456
Turkey,TUR,1982,6060.3916
Turkey,TUR,1983,6319.6807
Turkey,TUR,1984,6413.4297
Turkey,TUR,1985,6914.161
Turkey,TUR,1986,7444.7393
Turkey,TUR,1987,8030.7935
Turkey,TUR,1988,8191.2437
Turkey,TUR,1989,8446.989
Turkey,TUR,1990,8794.535
Turkey,TUR,1991,8870.413
Turkey,TUR,1992,9033.903
Turkey,TUR,1993,9397.349
Turkey,TUR,1994,9056.092
Turkey,TUR,1995,9898.631
Turkey,TUR,1996,10559.219
Turkey,TUR,1997,10999.836
Turkey,TUR,1998,11058.206
Turkey,TUR,1999,10924.938
Turkey,TUR,2000,11790.269
Turkey,TUR,2001,10761.699
Turkey,TUR,2002,11335.34
Turkey,TUR,2003,11886.485
Turkey,TUR,2004,12251.721
Turkey,TUR,2005,12726.179
Turkey,TUR,2006,13964.252
Turkey,TUR,2007,15130.238
Turkey,TUR,2008,15088.142
Turkey,TUR,2009,14987.8545
Turkey,TUR,2010,14975.279
Turkey,TUR,2011,15852.382
Turkey,TUR,2012,16505.947
Turkey,TUR,2013,15953.649
Turkey,TUR,2014,16785.975
Turkey,TUR,2015,17025.48
Turkey,TUR,2016,17466.018
Turkey,TUR,2017,18696.467
Turkey,TUR,2018,18088.137
Turkey,TUR,2019,17545.379
Turkey,TUR,2020,17215.324
Turkey,TUR,2021,18881.912
Turkey,TUR,2022,18430.715
Turkey,TUR,2023,18238.846
Turkey,TUR,2024,19059.916
Turkmenistan,TKM,1985,44062.633
Turkmenistan,TKM,1986,53198.473
Turkmenistan,TKM,1987,51314.19
Turkmenistan,TKM,1988,50114.047
Turkmenistan,TKM,1989,50043.25
Turkmenistan,TKM,1990,42812.527
Turkmenistan,TKM,1991,37921.074
Turkmenistan,TKM,1992,34991.457
Turkmenistan,TKM,1993,31565.309
Turkmenistan,TKM,1994,32935.168
Turkmenistan,TKM,1995,24875.416
Turkmenistan,TKM,1996,37062.54
Turkmenistan,TKM,1997,28391.625
Turkmenistan,TKM,1998,31883.412
Turkmenistan,TKM,1999,27440.205
Turkmenistan,TKM,2000,28426.324
Turkmenistan,TKM,2001,32491.855
Turkmenistan,TKM,2002,27327.105
Turkmenistan,TKM,2003,34531.12
Turkmenistan,TKM,2004,37743.562
Turkmenistan,TKM,2005,34684.215
Turkmenistan,TKM,2006,34977.477
Turkmenistan,TKM,2007,31645.84
Turkmenistan,TKM,2008,28980.84
Turkmenistan,TKM,2009,41571.34
Turkmenistan,TKM,2010,44345.875
Turkmenistan,TKM,2011,46973.047
Turkmenistan,TKM,2012,54326.938
Turkmenistan,TKM,2013,45061.75
Turkmenistan,TKM,2014,46695.03
Turkmenistan,TKM,2015,51839.97
Turkmenistan,TKM,2016,54816.906
Turkmenistan,TKM,2017,49722.543
Turkmenistan,TKM,2018,54898.914
Turkmenistan,TKM,2019,51536.35
Turkmenistan,TKM,2020,63919.438
Turkmenistan,TKM,2021,62714.016
Turkmenistan,TKM,2022,65246.41
Turkmenistan,TKM,2023,59533.95
Turkmenistan,TKM,2024,49521.445
USSR,OWID_USS,1965,29031.232
USSR,OWID_USS,1966,30454.893
USSR,OWID_USS,1967,31756.03
USSR,OWID_USS,1968,32442.3
USSR,OWID_USS,1969,33526.836
USSR,OWID_USS,1970,34841.32
USSR,OWID_USS,1971,36276.957
USSR,OWID_USS,1972,37832.297
USSR,OWID_USS,1973,39442.348
USSR,OWID_USS,1974,41137.33
USSR,OWID_USS,1975,42838.918
USSR,OWID_USS,1976,43920.926
USSR,OWID_USS,1977,45244.66
USSR,OWID_USS,1978,46563.918
USSR,OWID_USS,1979,47384.004
USSR,OWID_USS,1980,47829.55
USSR,OWID_USS,1981,48338.996
USSR,OWID_USS,1982,49185.14
USSR,OWID_USS,1983,49632.766
USSR,OWID_USS,1984,50548.727
Ukraine,UKR,1985,50827.355
Ukraine,UKR,1986,51448.105
Ukraine,UKR,1987,52042.992
Ukraine,UKR,1988,50570.72
Ukraine,UKR,1989,48410.418
Ukraine,UKR,1990,56622.797
Ukraine,UKR,1991,52649.14
Ukraine,UKR,1992,43918.48
Ukraine,UKR,1993,37671.984
Ukraine,UKR,1994,31966.006
Ukraine,UKR,1995,31359.672
Ukraine,UKR,1996,28749.922
Ukraine,UKR,1997,27730.637
Ukraine,UKR,1998,26689.57
Ukraine,UKR,1999,26687.24
Ukraine,UKR,2000,26891.354
Ukraine,UKR,2001,26733.104
Ukraine,UKR,2002,26842.74
Ukraine,UKR,2003,27703.492
Ukraine,UKR,2004,27329.871
Ukraine,UKR,2005,27867.842
Ukraine,UKR,2006,28370.324
Ukraine,UKR,2007,28410.459
Ukraine,UKR,2008,27477.549
Ukraine,UKR,2009,23044.79
Ukraine,UKR,2010,24802.414
Ukraine,UKR,2011,26019.2
Ukraine,UKR,2012,25426.518
Ukraine,UKR,2013,24068.9
Ukraine,UKR,2014,20675.611
Ukraine,UKR,2015,16541.941
Ukraine,UKR,2016,17904.871
Ukraine,UKR,2017,16005.981
Ukraine,UKR,2018,16870.06
Ukraine,UKR,2019,15908.593
Ukraine,UKR,2020,15239.085
Ukraine,UKR,2021,14912.159
Ukraine,UKR,2022,10098.175
Ukraine,UKR,2023,10707.306
Ukraine,UKR,2024,11016.268
United Arab Emirates,ARE,1965,5113.2603
United Arab Emirates,ARE,1966,5241.9775
United Arab Emirates,ARE,1967,30086.342
United Arab Emirates,ARE,1968,34822.46
United Arab Emirates,ARE,1969,29076.441
United Arab Emirates,ARE,1970,33521.168
United Arab Emirates,ARE,1971,43690.137
United Arab Emirates,ARE,1972,40647.1
United Arab Emirates,ARE,1973,46500.426
United Arab Emirates,ARE,1974,45584.953
United Arab Emirates,ARE,1975,43950.293
United Arab Emirates,ARE,1976,49020.39
United Arab Emirates,ARE,1977,69882.266
United Arab Emirates,ARE,1978,71051.375
United Arab Emirates,ARE,1979,74078.06
United Arab Emirates,ARE,1980,106483.45
United Arab Emirates,ARE,1981,114494.49
United Arab Emirates,ARE,1982,116570.61
United Arab Emirates,ARE,1983,105653.95
United Arab Emirates,ARE,1984,124461.07
United Arab Emirates,ARE,1985,146332.03
United Arab Emirates,ARE,1986,166545.97
United Arab Emirates,ARE,1987,173464
United Arab Emirates,ARE,1988,179499.98
United Arab Emirates,ARE,1989,190051.36
United Arab Emirates,ARE,1990,181724.31
United Arab Emirates,ARE,1991,209723.48
United Arab Emirates,ARE,1992,192314.92
United Arab Emirates,ARE,1993,190572.31
United Arab Emirates,ARE,1994,199585.92
United Arab Emirates,ARE,1995,199152.9
United Arab Emirates,ARE,1996,192367.45
United Arab Emirates,ARE,1997,185083.61
United Arab Emirates,ARE,1998,175670.06
United Arab Emirates,ARE,1999,164839.92
United Arab Emirates,ARE,2000,153361.72
United Arab Emirates,ARE,2001,145441.67
United Arab Emirates,ARE,2002,149537.2
United Arab Emirates,ARE,2003,150545.16
United Arab Emirates,ARE,2004,152420.61
United Arab Emirates,ARE,2005,151045.81
United Arab Emirates,ARE,2006,147989.08
United Arab Emirates,ARE,2007,145495.73
United Arab Emirates,ARE,2008,148889.38
United Arab Emirates,ARE,2009,137997.44
United Arab Emirates,ARE,2010,140154
United Arab Emirates,ARE,2011,141799.2
United Arab Emirates,ARE,2012,143259.42
United Arab Emirates,ARE,2013,144489.8
United Arab Emirates,ARE,2014,137715.88
United Arab Emirates,ARE,2015,140901.56
United Arab Emirates,ARE,2016,140482.14
United Arab Emirates,ARE,2017,131022.53
United Arab Emirates,ARE,2018,120848.5
United Arab Emirates,ARE,2019,128741.71
United Arab Emirates,ARE,2020,123488.01
United Arab Emirates,ARE,2021,122356.914
United Arab Emirates,ARE,2022,125211.06
United Arab Emirates,ARE,2023,123019.24
United Arab Emirates,ARE,2024,125198.61
United Kingdom,GBR,1965,41568.836
United Kingdom,GBR,1966,41274.17
United Kingdom,GBR,1967,40887.223
United Kingdom,GBR,1968,42108.55
United Kingdom,GBR,1969,43393.875
United Kingdom,GBR,1970,44262.53
United Kingdom,GBR,1971,43222.254
United Kingdom,GBR,1972,43641.176
United Kingdom,GBR,1973,45850.65
United Kingdom,GBR,1974,43144.01
United Kingdom,GBR,1975,40747.242
United Kingdom,GBR,1976,41304.414
United Kingdom,GBR,1977,41969.945
United Kingdom,GBR,1978,42358.84
United Kingdom,GBR,1979,44337.785
United Kingdom,GBR,1980,40232.688
United Kingdom,GBR,1981,38973.504
United Kingdom,GBR,1982,38139.63
United Kingdom,GBR,1983,37977.035
United Kingdom,GBR,1984,37675.55
United Kingdom,GBR,1985,38965.07
United Kingdom,GBR,1986,40092.3
United Kingdom,GBR,1987,40147.242
United Kingdom,GBR,1988,40177.49
United Kingdom,GBR,1989,39715.543
United Kingdom,GBR,1990,40175.273
United Kingdom,GBR,1991,40750.715
United Kingdom,GBR,1992,39995.09
United Kingdom,GBR,1993,39819.445
United Kingdom,GBR,1994,39175.863
United Kingdom,GBR,1995,39205.016
United Kingdom,GBR,1996,41003.05
United Kingdom,GBR,1997,39861.72
United Kingdom,GBR,1998,39966.797
United Kingdom,GBR,1999,39770.414
United Kingdom,GBR,2000,40511.805
United Kingdom,GBR,2001,40625.8
United Kingdom,GBR,2002,39483.76
United Kingdom,GBR,2003,39934.926
United Kingdom,GBR,2004,40322.42
United Kingdom,GBR,2005,40202.164
United Kingdom,GBR,2006,39565.098
United Kingdom,GBR,2007,38515.31
United Kingdom,GBR,2008,37770.57
United Kingdom,GBR,2009,34592.875
United Kingdom,GBR,2010,35414.07
United Kingdom,GBR,2011,32213.102
United Kingdom,GBR,2012,32353.602
United Kingdom,GBR,2013,31658.725
United Kingdom,GBR,2014,29148.203
United Kingdom,GBR,2015,28260.98
United Kingdom,GBR,2016,27529.508
United Kingdom,GBR,2017,26833.375
United Kingdom,GBR,2018,26297.404
United Kingdom,GBR,2019,25243.652
United Kingdom,GBR,2020,21743.117
United Kingdom,GBR,2021,22386.293
United Kingdom,GBR,2022,21918.291
United Kingdom,GBR,2023,20800.623
United Kingdom,GBR,2024,20389.592
United States,USA,1965,70522.164
United States,USA,1966,73612.68
United States,USA,1967,74932.664
United States,USA,1968,78605.84
United States,USA,1969,81505.99
United States,USA,1970,83444.73
United States,USA,1971,83722.43
United States,USA,1972,86774.47
United States,USA,1973,89321.484
United States,USA,1974,85358.49
United States,USA,1975,81399.03
United States,USA,1976,85355.76
United States,USA,1977,86915.22
United States,USA,1978,86999.625
United States,USA,1979,87426.16
United States,USA,1980,83028.58
United States,USA,1981,79458.18
United States,USA,1982,74421.53
United States,USA,1983,72911.38
United States,USA,1984,75944.63
United States,USA,1985,74791.04
United States,USA,1986,74346.18
United States,USA,1987,76405.09
United States,USA,1988,79042.99
United States,USA,1989,79767.8
United States,USA,1990,78216.984
United States,USA,1991,76747.36
United States,USA,1992,77381.46
United States,USA,1993,78071.914
United States,USA,1994,78718.26
United States,USA,1995,78942.79
United States,USA,1996,80806.52
United States,USA,1997,81105.29
United States,USA,1998,80773.43
United States,USA,1999,81065.15
United States,USA,2000,82510.46
United States,USA,2001,80027.97
United States,USA,2002,79911.71
United States,USA,2003,79484.13
United States,USA,2004,80265.71
United States,USA,2005,79520.02
United States,USA,2006,77622.59
United States,USA,2007,78119.48
United States,USA,2008,74752.836
United States,USA,2009,69478.15
United States,USA,2010,71289.1
United States,USA,2011,69253.13
United States,USA,2012,66826.55
United States,USA,2013,67854.42
United States,USA,2014,67859.414
United States,USA,2015,66403.63
United States,USA,2016,65062.41
United States,USA,2017,64157.49
United States,USA,2018,66295.85
United States,USA,2019,64975.688
United States,USA,2020,58758.453
United States,USA,2021,62235.535
United States,USA,2022,62915.074
United States,USA,2023,61510.76
United States,USA,2024,61276.613
Upper-middle-income countries,OWID_UMC,1965,7771.576
Upper-middle-income countries,OWID_UMC,1966,8067.567
Upper-middle-income countries,OWID_UMC,1967,8086.237
Upper-middle-income countries,OWID_UMC,1968,8176.6924
Upper-middle-income countries,OWID_UMC,1969,8529.801
Upper-middle-income countries,OWID_UMC,1970,9036.526
Upper-middle-income countries,OWID_UMC,1971,9494.428
Upper-middle-income countries,OWID_UMC,1972,9858.547
Upper-middle-income countries,OWID_UMC,1973,10243.488
Upper-middle-income countries,OWID_UMC,1974,10533.9795
Upper-middle-income countries,OWID_UMC,1975,11013.914
Upper-middle-income countries,OWID_UMC,1976,11315.456
Upper-middle-income countries,OWID_UMC,1977,11763.184
Upper-middle-income countries,OWID_UMC,1978,12216.215
Upper-middle-income countries,OWID_UMC,1979,12442.47
Upper-middle-income countries,OWID_UMC,1980,12481.967
Upper-middle-income countries,OWID_UMC,1981,12450.844
Upper-middle-income countries,OWID_UMC,1982,12650.886
Upper-middle-income countries,OWID_UMC,1983,12797.786
Upper-middle-income countries,OWID_UMC,1984,13104.31
Upper-middle-income countries,OWID_UMC,1985,8216.155
Upper-middle-income countries,OWID_UMC,1986,8389.29
Upper-middle-income countries,OWID_UMC,1987,8642.671
Upper-middle-income countries,OWID_UMC,1988,8850.11
Upper-middle-income countries,OWID_UMC,1989,8908.326
Upper-middle-income countries,OWID_UMC,1990,9168.709
Upper-middle-income countries,OWID_UMC,1991,9202.424
Upper-middle-income countries,OWID_UMC,1992,9217.062
Upper-middle-income countries,OWID_UMC,1993,9214.158
Upper-middle-income countries,OWID_UMC,1994,9367.473
Upper-middle-income countries,OWID_UMC,1995,9454.414
Upper-middle-income countries,OWID_UMC,1996,9723.537
Upper-middle-income countries,OWID_UMC,1997,9794.619
Upper-middle-income countries,OWID_UMC,1998,9668.46
Upper-middle-income countries,OWID_UMC,1999,9796.164
Upper-middle-income countries,OWID_UMC,2000,10065.223
Upper-middle-income countries,OWID_UMC,2001,10304.093
Upper-middle-income countries,OWID_UMC,2002,10753.713
Upper-middle-income countries,OWID_UMC,2003,11749.235
Upper-middle-income countries,OWID_UMC,2004,12980.552
Upper-middle-income countries,OWID_UMC,2005,14006.509
Upper-middle-income countries,OWID_UMC,2006,14885.181
Upper-middle-income countries,OWID_UMC,2007,15760.526
Upper-middle-income countries,OWID_UMC,2008,16015.713
Upper-middle-income countries,OWID_UMC,2009,16228.135
Upper-middle-income countries,OWID_UMC,2010,16967.43
Upper-middle-income countries,OWID_UMC,2011,17955.404
Upper-middle-income countries,OWID_UMC,2012,18342.19
Upper-middle-income countries,OWID_UMC,2013,18571.633
Upper-middle-income countries,OWID_UMC,2014,18612.713
Upper-middle-income countries,OWID_UMC,2015,18367.244
Upper-middle-income countries,OWID_UMC,2016,18253.645
Upper-middle-income countries,OWID_UMC,2017,18584.988
Upper-middle-income countries,OWID_UMC,2018,18908.674
Upper-middle-income countries,OWID_UMC,2019,19265.477
Upper-middle-income countries,OWID_UMC,2020,19093.3
Upper-middle-income countries,OWID_UMC,2021,19914.182
Upper-middle-income countries,OWID_UMC,2022,20144.98
Upper-middle-income countries,OWID_UMC,2023,20862.893
Upper-middle-income countries,OWID_UMC,2024,21111.22
Uzbekistan,UZB,1985,25174.355
Uzbekistan,UZB,1986,24118.629
Uzbekistan,UZB,1987,24119.21
Uzbekistan,UZB,1988,23566.1
Uzbekistan,UZB,1989,24039.158
Uzbekistan,UZB,1990,24433.092
Uzbekistan,UZB,1991,23581.703
Uzbekistan,UZB,1992,21735.584
Uzbekistan,UZB,1993,22028.893
Uzbekistan,UZB,1994,21343.588
Uzbekistan,UZB,1995,21322.076
Uzbekistan,UZB,1996,21533.154
Uzbekistan,UZB,1997,21083.45
Uzbekistan,UZB,1998,20764.078
Uzbekistan,UZB,1999,23056.783
Uzbekistan,UZB,2000,23295.635
Uzbekistan,UZB,2001,23055.822
Uzbekistan,UZB,2002,23350.322
Uzbekistan,UZB,2003,20707.104
Uzbekistan,UZB,2004,20635.748
Uzbekistan,UZB,2005,20562.84
Uzbekistan,UZB,2006,19032.316
Uzbekistan,UZB,2007,19916.79
Uzbekistan,UZB,2008,18585.035
Uzbekistan,UZB,2009,18113.703
Uzbekistan,UZB,2010,17717.635
Uzbekistan,UZB,2011,18532.93
Uzbekistan,UZB,2012,17976.686
Uzbekistan,UZB,2013,17780.164
Uzbekistan,UZB,2014,18178.633
Uzbekistan,UZB,2015,17039.117
Uzbekistan,UZB,2016,16057.617
Uzbekistan,UZB,2017,16236.258
Uzbekistan,UZB,2018,16167.166
Uzbekistan,UZB,2019,15964.911
Uzbekistan,UZB,2020,15681.073
Uzbekistan,UZB,2021,16431.523
Uzbekistan,UZB,2022,16529.803
Uzbekistan,UZB,2023,16285.085
Uzbekistan,UZB,2024,18201.791
Venezuela,VEN,1965,19327.764
Venezuela,VEN,1966,18871.264
Venezuela,VEN,1967,19209.146
Venezuela,VEN,1968,19799.611
Venezuela,VEN,1969,19287.596
Venezuela,VEN,1970,18646.27
Venezuela,VEN,1971,18079.676
Venezuela,VEN,1972,18467.418
Venezuela,VEN,1973,20669.078
Venezuela,VEN,1974,20469.576
Venezuela,VEN,1975,20470.818
Venezuela,VEN,1976,21564.432
Venezuela,VEN,1977,23266.871
Venezuela,VEN,1978,23138.375
Venezuela,VEN,1979,24641.545
Venezuela,VEN,1980,27073.285
Venezuela,VEN,1981,27325.729
Venezuela,VEN,1982,27038.576
Venezuela,VEN,1983,25815.06
Venezuela,VEN,1984,25313.639
Venezuela,VEN,1985,25015.3
Venezuela,VEN,1986,26046.826
Venezuela,VEN,1987,24442.258
Venezuela,VEN,1988,24491.854
Venezuela,VEN,1989,24060.992
Venezuela,VEN,1990,24925.42
Venezuela,VEN,1991,23439.227
Venezuela,VEN,1992,24918.73
Venezuela,VEN,1993,24007.375
Venezuela,VEN,1994,25531.756
Venezuela,VEN,1995,25919.83
Venezuela,VEN,1996,24253.588
Venezuela,VEN,1997,25074.463
Venezuela,VEN,1998,24595.19
Venezuela,VEN,1999,22963.799
Venezuela,VEN,2000,23894.727
Venezuela,VEN,2001,25598.098
Venezuela,VEN,2002,25242.96
Venezuela,VEN,2003,21568.408
Venezuela,VEN,2004,23348.986
Venezuela,VEN,2005,23462.06
Venezuela,VEN,2006,25796.936
Venezuela,VEN,2007,26795.28
Venezuela,VEN,2008,26971.596
Venezuela,VEN,2009,27113.361
Venezuela,VEN,2010,25829.463
Venezuela,VEN,2011,26743.512
Venezuela,VEN,2012,28111.438
Venezuela,VEN,2013,27234.5
Venezuela,VEN,2014,26276.719
Venezuela,VEN,2015,25107.516
Venezuela,VEN,2016,23442.648
Venezuela,VEN,2017,22452.559
Venezuela,VEN,2018,18620.145
Venezuela,VEN,2019,16977.426
Venezuela,VEN,2020,12352.041
Venezuela,VEN,2021,15103.906
Venezuela,VEN,2022,16566.201
Venezuela,VEN,2023,18046.934
Venezuela,VEN,2024,17953.406
Vietnam,VNM,1965,766.2227
Vietnam,VNM,1966,1323.5724
Vietnam,VNM,1967,1791.2119
Vietnam,VNM,1968,1815.7151
Vietnam,VNM,1969,2101.7498
Vietnam,VNM,1970,2142.7073
Vietnam,VNM,1971,1861.2606
Vietnam,VNM,1972,1774.996
Vietnam,VNM,1973,1833.7162
Vietnam,VNM,1974,1326.6581
Vietnam,VNM,1975,1438.6401
Vietnam,VNM,1976,795.2104
Vietnam,VNM,1977,828.33167
Vietnam,VNM,1978,826.66565
Vietnam,VNM,1979,863.39923
Vietnam,VNM,1980,947.7945
Vietnam,VNM,1981,927.0557
Vietnam,VNM,1982,969.95404
Vietnam,VNM,1983,1011.49493
Vietnam,VNM,1984,977.5313
Vietnam,VNM,1985,969.9057
Vietnam,VNM,1986,1038.5201
Vietnam,VNM,1987,1155.417
Vietnam,VNM,1988,1112.6124
Vietnam,VNM,1989,940.6168
Vietnam,VNM,1990,935.0793
Vietnam,VNM,1991,894.5028
Vietnam,VNM,1992,943.73517
Vietnam,VNM,1993,1069.4617
Vietnam,VNM,1994,1158.9103
Vietnam,VNM,1995,1330.4917
Vietnam,VNM,1996,1507.2518
Vietnam,VNM,1997,1797.8483
Vietnam,VNM,1998,1976.1359
Vietnam,VNM,1999,1931.1093
Vietnam,VNM,2000,2217.9248
Vietnam,VNM,2001,2418.229
Vietnam,VNM,2002,2686.7124
Vietnam,VNM,2003,2894.1177
Vietnam,VNM,2004,3689.732
Vietnam,VNM,2005,3974.4956
Vietnam,VNM,2006,3440.2114
Vietnam,VNM,2007,3665.7417
Vietnam,VNM,2008,4508.4604
Vietnam,VNM,2009,4438.7905
Vietnam,VNM,2010,5268.4
Vietnam,VNM,2011,5465.4717
Vietnam,VNM,2012,5301.8223
Vietnam,VNM,2013,5500.0024
Vietnam,VNM,2014,6053.441
Vietnam,VNM,2015,7097.0894
Vietnam,VNM,2016,7495.3027
Vietnam,VNM,2017,7561.6777
Vietnam,VNM,2018,8896.733
Vietnam,VNM,2019,10477.777
Vietnam,VNM,2020,10251.231
Vietnam,VNM,2021,9494.412
Vietnam,VNM,2022,9544.505
Vietnam,VNM,2023,10631.591
Vietnam,VNM,2024,11322.07
World,OWID_WRL,1965,12143.519
World,OWID_WRL,1966,12530.595
World,OWID_WRL,1967,12739.197
World,OWID_WRL,1968,13225.8125
World,OWID_WRL,1969,13848.858
World,OWID_WRL,1970,14449.556
World,OWID_WRL,1971,14694.872
World,OWID_WRL,1972,15179.866
World,OWID_WRL,1973,15759.924
World,OWID_WRL,1974,15410.479
World,OWID_WRL,1975,15157.381
World,OWID_WRL,1976,15712.239
World,OWID_WRL,1977,15937.3545
World,OWID_WRL,1978,16185.889
World,OWID_WRL,1979,16405.164
World,OWID_WRL,1980,15892.456
World,OWID_WRL,1981,15422.229
World,OWID_WRL,1982,14988.092
World,OWID_WRL,1983,14870.632
World,OWID_WRL,1984,15167.724
World,OWID_WRL,1985,15186.794
World,OWID_WRL,1986,15206.595
World,OWID_WRL,1987,15449.999
World,OWID_WRL,1988,15697.001
World,OWID_WRL,1989,15729.574
World,OWID_WRL,1990,15638.13
World,OWID_WRL,1991,15416.215
World,OWID_WRL,1992,15265.658
World,OWID_WRL,1993,15062.127
World,OWID_WRL,1994,15024.615
World,OWID_WRL,1995,15067.183
World,OWID_WRL,1996,15294.85
World,OWID_WRL,1997,15231.893
World,OWID_WRL,1998,15085.33
World,OWID_WRL,1999,15111.907
World,OWID_WRL,2000,15306.515
World,OWID_WRL,2001,15283.165
World,OWID_WRL,2002,15420.542
World,OWID_WRL,2003,15864.871
World,OWID_WRL,2004,16438.193
World,OWID_WRL,2005,16799.387
World,OWID_WRL,2006,17042.123
World,OWID_WRL,2007,17413.37
World,OWID_WRL,2008,17319.129
World,OWID_WRL,2009,16769.146
World,OWID_WRL,2010,17346.352
World,OWID_WRL,2011,17566.145
World,OWID_WRL,2012,17595.303
World,OWID_WRL,2013,17609.049
World,OWID_WRL,2014,17506.346
World,OWID_WRL,2015,17370.934
World,OWID_WRL,2016,17287.21
World,OWID_WRL,2017,17407.713
World,OWID_WRL,2018,17594.94
World,OWID_WRL,2019,17497.494
World,OWID_WRL,2020,16498.236
World,OWID_WRL,2021,17187.203
World,OWID_WRL,2022,17272.367
World,OWID_WRL,2023,17339.791
World,OWID_WRL,2024,17449.322